AMD ID,I258M,Y268S,N51I,C59R,S108N,S436A,A437G,K540E,A581G,A613S,F446I,N458Y,M467I,Y493H,R539T,I543T,P553L,R561H,P574L,C580Y,N86Y,Y184F,S1034C,N1042D,D1246Y,C72S,M74I,N75E,K76T,A220S,Q271E,N326S,C350S,I356T,R371I
18GNMa00A0001PfF1290,0%,0%,100%,100%,100%,43%,57%,0%,0%,0%,0%,0%,0%,0%,0%,0%,0%,0%,0%,0%,NC,NC,0%,0%,NC,NA,NA,NA,NA,NA,NA,NA,NA,NA,NA
18GNMa21A0001PfF1290,0%,0%,100%,100%,100%,0%,100%,0%,0%,0%,0%,0%,0%,0%,0%,0%,0%,0%,0%,0%,NC,0%,NC,NC,NC,0%,0%,0%,0%,NC,NC,NC,NC,NC,NC
18GNMa00A0014PfF1290,0%,0%,100%,100%,100%,100%,100%,0%,0%,0%,0%,0%,0%,0%,0%,0%,0%,0%,0%,0%,0%,100%,0%,0%,0%,0%,0%,0%,0%,0%,0%,NC,0%,0%,NC
18GNMa21A0014PfF1290,0%,0%,100%,100%,100%,100%,100%,0%,0%,0%,0%,0%,0%,0%,0%,0%,0%,0%,0%,0%,0%,100%,0%,0%,0%,NC,NC,NC,NC,NC,0%,NC,NC,NC,NC
18GNMa00A0097PfF1290,0%,0%,100%,0%,100%,0%,100%,0%,0%,0%,0%,0%,0%,0%,0%,0%,0%,0%,0%,0%,NC,100%,NC,NC,NC,NA,NA,NA,NA,NA,NA,NA,NA,NA,NA
18GNMa21A0097PfF1290,0%,0%,100%,100%,100%,100%,100%,0%,NC,0%,0%,0%,0%,0%,0%,0%,0%,0%,0%,0%,0%,NC,NC,NC,NC,NC,NC,NC,NC,NC,NC,NC,NC,NC,NC
18GNMa00A0106PfF1290,0%,0%,NC,NC,100%,100%,0%,0%,0%,0%,0%,0%,0%,0%,0%,0%,0%,0%,0%,0%,NC,NC,NC,NC,NC,NA,NA,NA,NA,NA,NA,NA,NA,NA,NA
18GNMa21A0106PfF1290,0%,0%,100%,100%,100%,44%,52%,0%,0%,0%,0%,0%,0%,0%,0%,0%,0%,0%,0%,0%,NC,NC,NC,NC,NC,NC,NC,NC,NC,NC,NC,NC,NC,NC,NC
18GNMa00A0129PfF1290,0%,0%,100%,100%,100%,100%,100%,NC,100%,100%,0%,0%,0%,0%,0%,0%,0%,0%,0%,0%,0%,0%,NC,NC,0%,NC,NC,NC,NC,NC,0%,NC,NC,NC,NC
18GNMa1A0129PfF1290,0%,0%,100%,100%,NC,100%,100%,NC,100%,100%,0%,0%,0%,0%,0%,0%,0%,0%,0%,0%,NA,NA,NA,NA,NA,NA,NA,NA,NA,NA,NA,NA,NA,NA,NA
18GNMa00A0177PfF1290,0%,0%,100%,100%,100%,79%,0%,0%,0%,0%,0%,0%,0%,0%,0%,0%,0%,0%,0%,0%,0%,100%,0%,0%,0%,0%,0%,0%,0%,NC,NC,NC,NC,NC,NC
18GNMa21A0177PfF1290,0%,0%,100%,100%,100%,NA,NA,NA,NA,NA,0%,0%,0%,0%,0%,0%,0%,0%,0%,0%,NC,NC,NC,NC,NC,NA,NA,NA,NA,NA,NA,NA,NA,NA,NA
18GNMa00F0182PfF1290,0%,0%,46%,100%,100%,0%,100%,0%,0%,0%,0%,0%,0%,0%,0%,0%,0%,0%,0%,0%,0%,NC,0%,0%,NC,NA,NA,NA,NA,NA,NA,NA,NA,NA,NA
18GNMa21F0182PfF1290,0%,0%,100%,100%,100%,NC,NC,NC,NC,NC,0%,0%,0%,0%,0%,0%,0%,0%,0%,0%,NC,NC,NC,NC,NC,NA,NA,NA,NA,NA,NA,NA,NA,NA,NA
18GNLS00A0012PfF1290,0%,0%,100%,100%,100%,100%,100%,0%,0%,0%,0%,0%,0%,0%,0%,0%,0%,0%,0%,0%,NC,NC,NC,NC,NC,NA,NA,NA,NA,NA,NA,NA,NA,NA,NA
18GNLS21A0012PfF1290,0%,0%,100%,100%,100%,100%,100%,NC,NC,NC,0%,0%,0%,0%,0%,0%,0%,0%,0%,0%,NA,NA,NA,NA,NA,NA,NA,NA,NA,NA,NA,NA,NA,NA,NA
18GNLS00A0097PfF1290,0%,0%,100%,100%,100%,100%,100%,NC,NC,NC,0%,0%,0%,0%,0%,0%,0%,0%,0%,0%,NA,NA,NA,NA,NA,NA,NA,NA,NA,NA,NA,NA,NA,NA,NA
18GNLS21A0097PfF1290,NA,NA,100%,100%,NC,NA,NA,NA,NA,NA,0%,0%,0%,0%,0%,0%,0%,0%,0%,0%,NA,NA,NA,NA,NA,NA,NA,NA,NA,NA,NA,NA,NA,NA,NA
18GNLS00A0103PfF1290,0%,0%,100%,100%,100%,100%,100%,NC,0%,0%,0%,0%,0%,0%,0%,0%,0%,0%,0%,0%,NC,100%,NC,NC,NC,NC,NC,NC,NC,NC,NC,NC,NC,NC,NC
18GNLS21A0103PfF1290,0%,0%,100%,100%,100%,100%,100%,0%,0%,0%,0%,0%,0%,0%,0%,0%,0%,0%,0%,0%,NC,NC,0%,0%,NC,NC,NC,NC,NC,NC,NC,NC,NC,NC,NC
18GNLS00A0112PfF1290,0%,0%,100%,100%,100%,0%,100%,NC,NC,NC,0%,0%,0%,0%,0%,0%,0%,0%,0%,0%,NC,NC,NC,NC,NC,NA,NA,NA,NA,NA,NA,NA,NA,NA,NA
18GNLS21A0112PfF1290,0%,0%,100%,100%,100%,100%,0%,0%,0%,0%,0%,0%,0%,0%,0%,0%,0%,0%,0%,0%,NC,NC,NC,NC,NC,NC,NC,NC,NC,NC,NC,NC,NC,NC,NC
18GNLS00A0117PfF1290,0%,0%,100%,100%,100%,0%,100%,0%,0%,0%,0%,0%,0%,0%,0%,0%,0%,0%,0%,0%,NA,NA,NA,NA,NA,NA,NA,NA,NA,NA,NA,NA,NA,NA,NA
18GNLS21A0117PfF1290,0%,0%,100%,100%,100%,100%,0%,NC,0%,0%,0%,0%,0%,0%,0%,0%,0%,0%,0%,0%,NC,NC,NC,NC,NC,NC,0%,0%,0%,NC,NC,0%,0%,0%,NC
18GNLS00A0127PfF1290,0%,0%,100%,100%,100%,0%,100%,0%,0%,0%,0%,0%,0%,0%,0%,0%,0%,0%,0%,0%,NC,NC,NC,NC,NC,NA,NA,NA,NA,NA,NA,NA,NA,NA,NA
18GNLS14A0127PfF1290,0%,0%,100%,100%,100%,NC,NC,NC,NC,NC,0%,0%,0%,0%,0%,0%,0%,0%,0%,0%,NC,NC,0%,0%,NC,NA,NA,NA,NA,NA,NA,NA,NA,NA,NA
18GNLS00A0129PfF1290,0%,0%,100%,0%,100%,100%,0%,0%,NC,NC,0%,0%,0%,0%,0%,0%,0%,0%,0%,0%,NC,NC,NC,NC,0%,NC,NC,NC,NC,NC,0%,NC,NC,NC,NC
18GNLS21A0129PfF1290,0%,0%,100%,100%,100%,75%,100%,33%,69%,100%,0%,0%,0%,0%,0%,0%,0%,0%,0%,0%,0%,NC,0%,0%,NC,NA,NA,NA,NA,NA,NA,NA,NA,NA,NA
18GNLS00A0131PfF1290,0%,0%,100%,100%,100%,0%,100%,NC,NC,0%,0%,0%,0%,0%,0%,0%,0%,0%,0%,0%,0%,0%,0%,0%,0%,NC,NC,NC,NC,100%,0%,NC,NC,NC,NC
18GNLS21A0131PfF1290,0%,0%,100%,100%,100%,50%,100%,0%,100%,100%,0%,0%,0%,0%,0%,0%,0%,0%,0%,0%,NC,NC,NC,NC,NC,NA,NA,NA,NA,NA,NA,NA,NA,NA,NA
18GNLS00A0136PfF1290,0%,0%,100%,100%,100%,0%,100%,0%,0%,0%,0%,0%,0%,0%,0%,0%,0%,0%,0%,0%,NC,100%,NC,NC,NC,NC,NC,NC,NC,NC,0%,NC,NC,NC,NC
18GNLS21A0136PfF1290,0%,0%,100%,100%,100%,0%,100%,0%,0%,0%,0%,0%,0%,0%,0%,0%,0%,0%,0%,0%,NA,NA,NA,NA,NA,NA,NA,NA,NA,NA,NA,NA,NA,NA,NA
18GNLS00F0141PfF1290,0%,0%,100%,100%,100%,100%,0%,0%,0%,0%,0%,0%,0%,0%,0%,0%,0%,0%,0%,0%,NC,NC,NC,NC,NC,NC,NC,NC,NC,100%,NC,NC,NC,NC,NC
18GNLS14F0141PfF1290,0%,0%,100%,100%,100%,100%,0%,0%,0%,0%,0%,0%,0%,0%,0%,0%,0%,0%,0%,0%,NA,NA,NA,NA,NA,NC,NC,NC,NC,NC,NC,NC,NC,NC,NC
18GNLS00F0156PfF1290,NC,NC,NC,NC,NC,86%,0%,0%,0%,0%,NC,NC,NC,0%,0%,0%,0%,0%,NC,NC,NA,NA,NA,NA,NA,NA,NA,NA,NA,NA,NA,NA,NA,NA,NA
18GNLS21F0156PfF1290,0%,0%,100%,100%,100%,86%,0%,0%,0%,0%,0%,0%,0%,0%,0%,0%,0%,0%,0%,0%,NC,0%,0%,0%,NC,NC,NC,NC,NC,0%,NC,NC,NC,NC,NC
17GNHa00A0002PfF1290,0%,0%,NC,NC,NC,NA,NA,NA,NA,NA,0%,0%,0%,0%,0%,0%,0%,0%,0%,0%,NA,NA,NA,NA,NA,NA,NA,NA,NA,NA,NA,NA,NA,NA,NA
17GNHa21A0002PfF1290,NA,NA,NA,NA,NA,NA,NA,NA,NA,NA,NA,NA,NA,NA,NA,NA,NA,NA,NA,NA,NA,NA,NA,NA,NA,NA,NA,NA,NA,NA,NA,NA,NA,NA,NA
17GNHa00F0011PfF1290,0%,0%,100%,100%,100%,49%,51%,0%,0%,0%,0%,0%,0%,0%,0%,0%,0%,0%,0%,0%,NC,NC,0%,0%,NC,NC,NC,NC,0%,0%,NC,NC,NC,NC,NC
17GNHa16F0011PfF1290,0%,0%,100%,100%,100%,0%,100%,NC,0%,0%,0%,0%,0%,0%,0%,0%,0%,0%,0%,0%,NA,NA,NA,NA,NA,NC,NC,NC,100%,NC,NC,NC,NC,NC,NC
19GNHa00A0077PfF1290,0%,0%,100%,100%,100%,0%,100%,0%,0%,0%,0%,0%,0%,0%,0%,0%,0%,0%,0%,0%,NC,NC,NC,NC,NC,NC,NC,NC,NC,NC,NC,NC,0%,0%,NC
19GNHa14A0077PfF1290,0%,0%,100%,100%,100%,0%,91%,0%,0%,0%,0%,0%,0%,0%,0%,0%,0%,0%,0%,0%,NC,NC,0%,0%,NC,NC,NC,NC,NC,NC,NC,NC,NC,NC,NC
17GNHa00F0097PfF1290,0%,0%,100%,100%,100%,NA,NA,NA,NA,NA,0%,0%,0%,NC,NC,NC,NC,NC,0%,0%,NA,NA,NA,NA,NA,NA,NA,NA,NA,NA,NA,NA,NA,NA,NA
17GNHa14F0097PfF1290,NC,NC,NA,NA,NA,NA,NA,NA,NA,NA,0%,0%,0%,0%,NC,NC,NC,NC,NC,NC,NA,NA,NA,NA,NA,NA,NA,NA,NA,NA,NA,NC,NA,NA,NA
19GNHa00F0097PfF1290,0%,0%,100%,100%,100%,0%,100%,0%,0%,0%,0%,0%,0%,0%,0%,0%,0%,0%,0%,0%,0%,0%,0%,0%,0%,0%,36%,44%,50%,NC,100%,NC,NC,NC,NC
19GNHa14F0097PfF1290,NA,NA,NA,NA,NA,NA,NA,NA,NA,NA,NA,NA,NA,NA,NA,NA,NA,NA,NA,NA,NA,NA,NA,NA,NA,NA,NA,NA,NA,NA,NA,NA,NA,NA,NA
17GNHa00F0137PfF1290,0%,0%,100%,100%,100%,100%,0%,NC,0%,0%,0%,0%,0%,0%,0%,0%,0%,0%,0%,0%,NA,NA,NA,NA,NA,NA,NA,NA,NA,NA,NA,NA,NA,NA,NA
17GNHa21F0137PfF1290,0%,0%,NC,NC,100%,NA,NA,NA,NA,NA,0%,0%,0%,0%,0%,0%,0%,0%,0%,0%,NA,NA,NA,NA,NA,NA,NA,NA,NA,NA,NA,NA,NA,NA,NA
17GNHa00A0142PfF1290,0%,0%,100%,100%,100%,NC,NC,NC,NC,0%,0%,0%,0%,0%,0%,0%,0%,0%,0%,0%,NA,NA,NA,NA,NA,NA,NA,NA,NA,NA,NA,NA,NA,NA,NA
17GNHa14A0142PfF1290,NA,NA,NA,NA,NA,NA,NA,NA,NA,NA,NA,NA,NA,NA,NA,NA,NA,NA,NA,NA,NA,NA,NA,NA,NA,NA,NA,NA,NA,NA,NA,NA,NA,NA,NA
17GNHa00A0159PfF1290,0%,0%,100%,100%,100%,NA,NA,NA,NA,NA,0%,0%,0%,0%,0%,0%,0%,0%,0%,0%,NA,NA,NA,NA,NA,NA,NA,NA,NA,NA,NA,NA,NA,NA,NA
17GNHa21A0159PfF1290,0%,0%,72%,100%,100%,50%,50%,NC,0%,0%,0%,0%,0%,0%,0%,0%,0%,0%,0%,0%,NC,NC,NC,NC,NC,NA,NA,NA,NA,NA,NA,NA,NA,NA,NA
19GNHa00A0163PfF1290,NA,NA,100%,100%,100%,0%,100%,0%,0%,0%,0%,0%,0%,0%,0%,0%,0%,0%,0%,0%,0%,100%,0%,0%,NC,0%,0%,0%,100%,NC,NC,NC,NC,100%,NC
19GNHa28A0163PfF1290,0%,0%,100%,100%,100%,0%,90%,NC,0%,0%,0%,0%,0%,0%,0%,0%,0%,0%,0%,0%,0%,100%,0%,0%,NC,0%,0%,0%,0%,NC,NC,NC,0%,0%,NC
17GNHa00F0165PfF1290,0%,0%,85%,82%,56%,NA,NA,NA,NA,NA,NC,NC,NC,0%,0%,NC,NC,NC,NC,NC,NA,NA,NA,NA,NA,NA,NA,NA,NA,NA,NA,NA,NA,NA,NA
17GNHa21F0165PfF1290,0%,0%,NC,NC,NC,NC,NC,NC,NC,NC,0%,0%,0%,0%,0%,0%,0%,0%,0%,0%,NA,NA,NA,NA,NA,NA,NA,NA,NA,NA,NA,NA,NA,NA,NA
19GNHa00F0172PfF1290,0%,0%,100%,100%,100%,0%,100%,100%,0%,0%,0%,0%,0%,0%,0%,0%,0%,0%,0%,0%,0%,0%,0%,0%,0%,0%,0%,0%,100%,NC,NC,NC,NC,NC,NC
19GNHa13F0172PfF1290,NA,NA,NA,NA,NA,NA,NA,NA,NA,NA,NA,NA,NA,NA,NA,NA,NA,NA,NA,NA,NA,NA,NA,NA,NA,NA,NA,NA,NA,NA,NA,NA,NA,NA,NA
17GNHa00A0217PfF1290,0%,0%,100%,100%,100%,0%,100%,NC,0%,0%,0%,0%,0%,0%,0%,0%,0%,0%,0%,0%,NA,NA,NA,NA,NA,NA,NA,NA,NA,NA,NA,NA,NA,NA,NA
17GNHa25A0217PfF1290,0%,0%,100%,100%,100%,100%,100%,0%,0%,0%,0%,0%,0%,0%,0%,0%,0%,0%,0%,0%,NA,NA,NA,NA,NA,0%,0%,0%,100%,NC,NC,NC,0%,100%,NC
17GNDo00F0002PfF1290,0%,0%,100%,100%,100%,NC,0%,0%,0%,NC,0%,0%,0%,0%,0%,0%,0%,0%,0%,0%,NC,0%,NC,NC,NC,NA,NA,NA,NA,NA,NA,NA,NA,NA,NA
17GNDo21F0002PfF1290,0%,0%,100%,100%,100%,0%,100%,0%,0%,0%,0%,0%,0%,0%,0%,0%,0%,0%,0%,0%,NC,NC,NC,NC,NC,NC,NC,NC,NC,NC,NC,NC,NC,NC,NC
17GNDo00A0006PfF1290,0%,0%,100%,100%,100%,0%,88%,0%,0%,0%,0%,0%,0%,0%,0%,0%,0%,0%,0%,0%,NC,NC,NC,NC,NC,0%,0%,0%,0%,0%,NC,NC,NC,NC,NC
17GNDo21A0006PfF1290,0%,0%,100%,100%,100%,0%,100%,0%,0%,0%,0%,0%,0%,0%,0%,0%,0%,0%,0%,0%,NC,NC,NC,NC,NC,NC,NC,NC,NC,100%,NC,NC,NC,NC,NC
17GNDo00F0019PfF1290,0%,0%,100%,100%,100%,0%,100%,NC,NC,NC,0%,0%,0%,0%,0%,0%,0%,0%,0%,0%,NA,NA,NA,NA,NA,NC,NC,NC,NC,NC,NC,NC,NC,NC,NC
17GNDo21F0019PfF1290,0%,0%,100%,100%,100%,NC,NC,100%,0%,0%,0%,0%,0%,0%,0%,0%,0%,0%,0%,0%,NC,NC,NC,NC,NC,NC,NC,NC,NC,NC,NC,NC,0%,0%,NC
17GNDo00F0055PfF1290,0%,0%,100%,100%,100%,0%,100%,0%,0%,0%,0%,0%,0%,0%,0%,0%,0%,0%,0%,0%,NC,NC,NC,NC,NC,0%,0%,0%,100%,NC,NC,NC,0%,100%,NC
17GNDo21F0055PfF1290,0%,0%,NA,NA,NA,NA,NA,NA,NA,NA,NC,0%,0%,0%,0%,0%,NC,NC,NC,0%,NA,NA,NA,NA,NA,NA,NA,NA,NA,NA,NA,NA,NA,NA,NA
19GNDo00A0127PfF1290,0%,0%,NC,NC,NC,0%,100%,0%,0%,0%,0%,0%,0%,0%,0%,0%,0%,0%,0%,0%,0%,0%,0%,0%,0%,0%,0%,0%,0%,0%,NC,NC,NC,NC,NC
19GNDo21A0127PfF1290,0%,0%,0%,0%,0%,NC,NC,NC,NC,NC,0%,0%,0%,0%,0%,0%,0%,0%,0%,0%,NC,100%,NC,NC,NC,NC,NC,NC,NC,NC,NC,NC,NC,NC,NC
19GNDo27A0134PfF1290,0%,0%,100%,100%,100%,100%,100%,0%,0%,100%,0%,0%,0%,0%,0%,0%,0%,0%,0%,0%,0%,0%,0%,0%,0%,NC,NC,NC,NC,0%,NC,NC,NC,NC,NC
19GNDo00A0134PfF1290,0%,0%,56%,79%,66%,0%,100%,0%,0%,0%,0%,0%,0%,0%,0%,0%,0%,0%,0%,0%,0%,0%,0%,0%,0%,0%,0%,0%,0%,0%,NC,NC,NC,NC,NC
21USxxxxx03D7PfD1290,PC,PC,PC,PC,PC,PC,100%,PC,PC,PC,PC,PC,PC,PC,PC,PC,PC,PC,PC,PC,PC,PC,PC,PC,PC,PC,PC,PC,PC,PC,PC,PC,PC,PC,PC
21USxxxxx07G8PfD1290,PC,PC,100%,0%,100%,PC,100%,PC,PC,PC,PC,PC,PC,PC,PC,PC,PC,PC,PC,PC,PC,100%,100%,100%,100%,100%,0%,0%,100%,100%,0%,0%,0%,0%,NC
21USxxxxxHB3PfD1290,PC,PC,0%,0%,100%,PC,PC,PC,PC,PC,PC,PC,PC,PC,PC,PC,PC,PC,PC,PC,PC,100%,PC,100%,PC,PC,PC,PC,PC,PC,PC,PC,PC,PC,PC
21USxxxxxNTC1PfD1290,NTC,NTC,NTC,NTC,NTC,NTC,NTC,NTC,NTC,NTC,NTC,NTC,NTC,NTC,NTC,NTC,NTC,NTC,NTC,NTC,NTC,NTC,NTC,NTC,NTC,NTC,NTC,NTC,NTC,NTC,NTC,NTC,NTC,NTC,NTC
17GNDo00F0067PfF1153,NA,NA,100%,100%,100%,NC,NC,NC,NC,NC,0%,0%,0%,0%,0%,0%,0%,0%,NA,0%,NA,NA,NA,NA,NA,NA,NA,NA,NA,NA,NA,NA,NA,NA,NA
17GNDo21F0067PfF1153,NA,NA,NA,NA,NA,NA,NA,NA,NA,NA,NC,NC,NC,NC,NC,NC,NC,NC,NA,NC,NA,NA,NA,NA,NA,NA,NA,NA,NA,NA,NA,NA,NA,NA,NA
18GNMa00F0187PfF1121,NA,NA,NA,NA,NA,NC,NC,NC,NC,NC,0%,0%,0%,0%,0%,0%,0%,0%,0%,0%,NA,NA,NA,NA,NA,NA,NA,NA,NA,NA,NA,NA,NA,NA,NA
18GNMa28F0187PfF1121,NA,NA,NA,NA,NA,NC,NC,NC,NC,NC,0%,0%,0%,0%,0%,0%,0%,0%,0%,0%,NA,NA,NA,NA,NA,NA,NA,NA,NA,NA,NA,NA,NA,NA,NA
18GNLa00A0115PfF1121,NA,NA,NA,NA,NA,NC,NC,NC,NC,NC,0%,0%,0%,0%,0%,0%,0%,0%,0%,0%,0%,100%,NC,NC,NC,NA,NA,NA,NA,NA,NA,NA,NA,NA,NA
18GNLa07A0115PfF1121,NA,NA,NA,NA,NA,NA,NA,NA,NA,NA,0%,0%,0%,0%,0%,0%,0%,0%,0%,0%,NA,NA,NA,NA,NA,NA,NA,NA,NA,NA,NA,NA,NA,NA,NA