Row Labels,N51I,C59R,S108N,S436A,S436H,A437G,K540E,A581G,A613S,A613T,F446I,N458Y,M476I,Y493H,R539T,I543T,P553L,R561H,C580Y,N86Y,E130K,D144G,Y184F,S1034C,N1042D,V1109,D1246Y,C72S,M74I,N75E,K76T,A220S,Q271E,N326S,C350R,I356T,R371I
18GNMa00xp041PfF1153,1,1,1,0,0,1,0,0,0,0,0,0,0,0,0,0,0,0,0,0,0,0,5.90E-02,0,0,0,0,NC,NC,NC,NC,SUBSTITUTION,NC,NC,NC,NC,NC
18GNMa00xp042PfF1153,1,1,1,0.352,0,0.615,0,0,0,0,0,0,0,0,0,0,0,0,0,0,0,0,0.957,0,0,0,0,NA,NA,NA,NA,NA,NA,NA,NA,NA,NA
18GNMa00xp043PfF1153,0.995,1,0.997,0,0,1,0,0,0,0,0,0,0,0,0,0,0,0,0,0,0,0,1,0,0,0,0,0,0,0,0,NC,0,NC,0,0,NC
18GNMa00xp044PfF1153,1,1,1,1,0,0,NC,0,0.333,0,0,0,0,0,0,0,0,0,0,0,0,0,1,0,0,0,0,UNREADIABLE,UNREADIABLE,UNREADIABLE,UNREADIABLE,NC,NC,0,0,0,NC
18GNMa00xp045PfF1153,1,1,1,NC,NC,NC,0,0,NC,NC,0,0,0,0,0,0,0,0,0,NA,NA,NA,NA,NA,NA,NA,NA,NA,NA,NA,NA,NA,NA,NA,NA,NA,NA
18GNMa00xp046PfF1153,1,1,1,NC,NC,NC,0,0,0,0,0,0,0,0,0,0,0,0,0,NC,NO ANNOTATION,NO ANNOTATION,NC,0,0,NO ANNOTATION,0,NA,NA,NA,NA,NA,NA,NA,NA,NA,NA
18GNMa00xp047PfF1153,1,1,1,0,0,1,0,0,0,0,0,0,0,0,0,0,0,0,0,NA,NA,NA,NA,NA,NA,NA,NA,NA,NA,NA,NA,NA,NA,NA,NA,NA,NA
17GNMa00xp048PfF1153,1,1,1,0,0,1,NC,NC,NC,NC,0,0,0,0,0,0,0,0,0,NA,NA,NA,NA,NA,NA,NA,NA,NA,NA,NA,NA,NA,NA,NA,NA,NA,NA
18GNLa00xp027PfF1153,0.996,1,1,0,0,1,0,0,0,0,0,0,0,0,0,0,0,0,0,NC,NO ANNOTATION,NO ANNOTATION,1,0,0,NO ANNOTATION,NC,0,0,0,0,NC,NC,NC,NC,NC,NC
18GNLa00xp028PfF1153,0.999,1,1,0.239,0,0.981,0,0,0.192,0,NC,NC,NC,NC,0,0,0,0,0,NC,NC,NC,NC,NC,NC,NC,NC,0,0,0,0,0,NC,NC,0,0,UNREADIABLE
18GNLa00xp029PfF1153,1,1,1,0,0,1,0,0,0,0,0,0,0,0,NC,NC,0,0,0,NA,NA,NA,NA,NA,NA,NA,NA,NC,NC,NC,NC,NC,NC,NC,NC,NC,NC
18GNLa00xp030PfF1153,0.96,0.953,0.883,0,0,1,0,0,0,0,0,0,0,0,0,0,0,0,0,NA,NA,NA,NA,NA,NA,NA,NA,NC,NC,NC,NC,NC,NC,NC,NC,NC,NC
18GNLa00xp031PfF1153,1,1,1,NC,NC,NC,0,0,0,0,NA,NA,NA,NA,NA,NA,NA,NA,NA,NA,NA,NA,NA,NA,NA,NA,NA,NA,NA,NA,NA,NA,NA,NA,NA,NA,NA
17GNHa00xp037PfF1153,0.758,0.764,0.737,0,0,0.48,0,0,0,0,0,0,0,0,0,0,0,0,0,0,NO ANNOTATION,NO ANNOTATION,1,0,0,NO ANNOTATION,NC,NC,NC,NC,NC,NC,NC,NC,NC,NC,NC
17GNHa00xp038PfF1153,1,1,1,0.708,0,0.625,0,0,0,0,NA,NA,NA,NA,NA,NA,NA,NA,NA,NA,NA,NA,NA,NA,NA,NA,NA,NC,NC,NC,NC,NC,NC,NC,NC,NC,NC
17GNHa00xp039PfF1153,0.735,0.946,0.937,0.6,0,0.686,0,0,0,0,0,0,0,0,0,0,0,0,0,NA,NA,NA,NA,NA,NA,NA,NA,NC,NC,NC,NC,UNREADIABLE,NC,NC,NC,NC,NC
17GNHa00xp040PfF1153,1,1,1,1,0,1,0,NC,1,0,0,0,0,0,0,0,0,0,0,NA,NA,NA,NA,NA,NA,NA,NA,NA,NA,NA,NA,NA,NA,NA,NA,NA,NA
17GNHa00xp041PfF1153,1,1,1,1,0,0,NC,NC,NC,NC,NA,NA,NA,NA,NA,NA,NA,NA,NA,NA,NA,NA,NA,NA,NA,NA,NA,NA,NA,NA,NA,NA,NA,NA,NA,NA,NA
17GNHa00xp042PfF1153,1,1,1,NC,NC,NC,NC,NC,NC,NC,NC,0,0,NC,NC,NC,NC,NC,NC,NA,NA,NA,NA,NA,NA,NA,NA,NA,NA,NA,NA,NA,NA,NA,NA,NA,NA
17GNHa00xp043PfF1153,1,1,1,NA,NA,NA,NA,NA,NA,NA,NA,NA,NA,NA,NA,NA,NA,NA,NA,NA,NA,NA,NA,NA,NA,NA,NA,NA,NA,NA,NA,NA,NA,NA,NA,NA,NA
17GNHa00xp044PfF1153,NA,NA,NA,NA,NA,NA,NA,NA,NA,NA,NA,NA,NA,NA,NA,NA,NA,NA,NA,NA,NA,NA,NA,NA,NA,NA,NA,NA,NA,NA,NA,NA,NA,NA,NA,NA,NA
17GNHa00xp045PfF1153,NA,NA,1,NA,NA,NA,NA,NA,NA,NA,NA,NA,NA,NA,NA,NA,NA,NA,NA,NA,NA,NA,NA,NA,NA,NA,NA,NA,NA,NA,NA,NA,NA,NA,NA,NA,NA
19GNHa00xp046PfF1153,1,1,1,0.948,0,1,6.70E-02,0,0,0,0,0,0,0,0,0,0,0,0,NC,NC,NC,NC,NC,NC,NO ANNOTATION,0,NC,NC,NC,NC,SUBSTITUTION,NC,NC,NC,NC,NC
19GNHa00xp047PfF1153,0.735,0.733,0.68,0.267,0,0.867,0,0,8.60E-02,0,0,0,0,0,0,0,0,0,0,0.2,0,0,0.82,0,0,0,0,NC,NC,NC,NC,0,NA,NC,NC,NC,NC
19GNHa00xp048PfF1153,0.761,0.771,0.75,7.80E-02,0,0.923,0,0,0,0,0,0,0,0,0,0,0,0,0,NC,NC,NC,NC,0,0,NC,NC,NA,NA,NA,NA,NA,NA,NA,NA,NA,NA
19GNHa00xp049PfF1153,0.987,0.986,0.986,0.409,0,0.638,0,0,0.87,0,0,0,NC,NC,0,0,0,0,0,NA,NA,NA,NA,NA,NA,NA,NA,NC,NC,NC,NC,TRUNCATION,NC,NC,NC,NC,NC
19GNHa00xp050PfF1153,1,1,1,NC,NC,NC,NC,NC,NC,NC,NC,NC,NC,NC,NC,NC,NC,NC,NC,NA,NA,NA,NA,NA,NA,NA,NA,NA,NA,NA,NA,NA,NA,NA,NA,NA,NA
19GNHa00xp051PfF1153,1,1,1,NA,NA,NA,NA,NA,NA,NA,NC,NC,0,0,NC,NC,NC,NC,NC,NA,NA,NA,NA,NA,NA,NA,NA,NA,NA,NA,NA,NA,NA,NA,NA,NA,NA
17GNDo00xp039PfF1153,1,1,1,0,0,1,0,0,0,0,NA,NA,NA,NA,NA,NA,NA,NA,NA,NA,NA,NA,NA,NA,NA,NA,NA,NA,NA,NA,NA,NA,NA,NA,NA,NA,NA
17GNDo00xp040PfF1153,1,1,1,0,0,1,0,0,0,0,0,0,0,0,0,0,0,0,0,NA,NA,NA,NA,NA,NA,NA,NA,NC,NC,NC,NC,UNREADIABLE,NC,NC,NC,NC,NC
17GNDo00xp041PfF1153,0.67,0.883,0.857,0.369,0,1,0,0,0,0,0,0,0,0,0,0,0,0,0,NA,NA,NA,NA,NA,NA,NA,NA,NC,NC,NC,NC,NC,NC,NC,NC,NC,NC
17GNDo00xp042PfF1153,1,1,0.996,0.429,0,0.905,0,0,0.571,0,0,0,0,0,0,0,0,0,0,NC,NC,NC,NC,NC,NC,NC,NC,NA,NA,NA,NA,NA,NA,NA,NA,NA,NA
17GNDo00xp043PfF1153,0.82,0.806,0.884,NC,NC,NC,NC,NC,NC,NC,0,0,0,0,0,0,0,0,0,NA,NA,NA,NA,NA,NA,NA,NA,SUBSTITUTION,UNREADIABLE,SUBSTITUTION,0.857,NC,NC,NC,SUBSTITUTION,NC,NC
17GNDo00xp044PfF1153,0.837,0.83,0.648,NC,NC,NC,NC,0,0,0,NA,NA,NA,NA,NA,NA,NA,NA,NA,NA,NA,NA,NA,NA,NA,NA,NA,NA,NA,NA,NA,NA,NA,NA,NA,NA,NA
19GNDo00xp045PfF1153,0.998,0.999,1,0.573,0,1,0,0,0.372,0,0,0,0,0,0,0,0,0,0,NC,NO ANNOTATION,NO ANNOTATION,0.333,0,0,NO ANNOTATION,NC,0,SUBSTITUTION,SUBSTITUTION,7.30E-02,0,0.6,0,0,0.818,NC
19GNDo00xp046PfF1153,1,1,1,0.509,0,0.991,0,0,0,0,0,0,0,0,0,0,0,0,0,NA,NA,NA,NA,NA,NA,NA,NA,NC,NC,NC,NC,NC,NC,NC,NC,NC,UNREADIABLE
19GNDo00xp047PfF1153,0.999,0.999,1,5.30E-02,0,1,0.182,0,0,0,NA,NA,NA,NA,NA,NA,NA,NA,NA,NA,NA,NA,NA,NA,NA,NA,NA,0,0,0,0,0,0,NC,0,0,NC
19GNDo00xp048PfF1153,0.999,1,1,0.425,NA,1,NA,0.169,0.441,NA,0,0,0,0,0,0,0,NC,0,0,0,0,0.751,0,0,0,0,0,0,0,0,0,0,0,0,0,NC
19GNDo00xp049PfF1153,1,1,1,0,0,1,NC,0,0,0,NA,NA,NA,NA,NA,NA,NA,NA,NA,NA,NA,NA,NA,NA,NA,NA,NA,NC,NC,NC,NC,SUBSTITUTION,NC,NC,NC,NC,NC
19GNDo00xp050PfF1153,1,1,1,1,0,1,NC,NC,0,0,0,0,0,0,0,0,0,0,0,NA,NA,NA,NA,NA,NA,NA,NA,NA,NA,NA,NA,NA,NA,NA,NA,NA,NA
21USxxxxxx3D7PfD1291,0,0,0,0,0,1,0,0,0,0,0,0,0,0,0,0,0,0,0,0,0,0,0,0,0,0,0,0,0,0,0,0,0,NC,0,0,0
21USxxxxxxHB3PfD1291,0,0,1,0,0,0,0,0,0,0,0,0,0,0,0,0,0,0,0,0,0,0,1,0,1,0,0,0,0,0,0,0,0,0,0,0,0
21USxxxxxxxD6PfD1291,0,0,0,1,0,0,0,0,0,0,0,0,0,0,0,0,0,0,0,0,0,0,0,0,0,0,0,0,0,0,0,NC,NC,0,0,0,0
21USxxxxxxDD2PfD1291,1,1,1,0,0,1,NC,0,1,0,0,0,0,0,0,0,0,0,0,NC,NC,NC,NC,NC,NC,NC,NC,NA,NA,NA,NA,NA,NA,NA,NA,NA,NA
21USxxxxxxNTCPfD1291,NTC,NTC,NTC,NTC,NTC,NTC,NTC,NTC,NTC,NTC,NTC,NTC,NTC,NTC,NTC,NTC,NTC,NTC,NTC,NTC,NTC,NTC,NTC,NTC,NTC,NTC,NTC,NTC,NTC,NTC,NTC,NTC,NTC,NTC,NTC,NTC,NTC
