AMD ID,I258M,Y268S,C59R,N51I,S108N,F446I,N458Y,M476I,Y493H,I543T,R539T,P553L,R561H,C580Y,N86Y,Y184F,S1034C,N1042D,D1246Y,C72S,M74I,N75E,K76T,A220S,Q271E,N326S,C350R,I356T,R371I
18GNMa00xp001PfF1290,0%,0%,100%,100%,100%,0%,0%,0%,0%,0%,0%,0%,0%,0%,NC,NC,NC,NC,NC,NC,NC,NC,NC,NC,NC,NC,NC,NC,NC
18GNMa00xp002PfF1290,0%,0%,100%,100%,100%,0%,0%,0%,0%,0%,0%,0%,0%,0%,NA,NA,NA,NA,NA,NA,NA,NA,NA,NA,NA,NA,NA,NA,NA
18GNMa00xp003PfF1290,0%,0%,100%,100%,100%,0%,0%,0%,0%,0%,0%,0%,0%,0%,NC,0%,NC,NC,NC,NA,NA,NA,NA,NA,NA,NA,NA,NA,NA
18GNMa00xp004PfF1290,0%,0%,100%,100%,100%,0%,0%,0%,0%,0%,0%,0%,0%,0%,NA,NA,NA,NA,NA,NA,NA,NA,NA,NA,NA,NA,NA,NA,NA
18GNMa00xp005PfF1290,0%,0%,100%,100%,100%,0%,0%,0%,0%,0%,0%,0%,0%,0%,NC,NC,0%,0%,NC,NC,NC,NC,NC,NC,NC,NC,NC,NC,NC
18GNMa00xp006PfF1290,0%,0%,100%,100%,100%,0%,0%,0%,0%,0%,0%,0%,0%,0%,NC,NC,NC,NC,NC,NA,NA,NA,NA,NA,NA,NA,NA,NA,NA
18GNMa00xp007PfF1290,0%,0%,100%,100%,100%,0%,0%,0%,0%,0%,0%,0%,0%,0%,NC,NC,NC,NC,NC,NC,NC,NC,NC,NC,0%,NC,NC,NC,NC
18GNMa00xp008PfF1290,0%,0%,NC,NC,NC,0%,0%,0%,0%,0%,0%,0%,0%,0%,NC,NC,NC,NC,NC,NA,NA,NA,NA,NA,NA,NA,NA,NA,NA
18GNMa00xp009PfF1290,0%,0%,100%,100%,100%,0%,0%,0%,0%,0%,0%,0%,0%,0%,NC,100%,0%,0%,0%,0%,0%,0%,0%,0%,0%,NC,25%,0%,NC
18GNMa00xp010PfF1290,0%,0%,100%,100%,100%,0%,0%,0%,0%,0%,0%,0%,0%,0%,0%,0%,0%,0%,NC,0%,0%,0%,0%,0%,0%,NC,0%,0%,NC
18GNMa00xp011PfF1290,0%,0%,NC,NC,NC,0%,0%,0%,0%,0%,0%,0%,0%,0%,0%,100%,0%,0%,NC,0%,0%,0%,0%,0%,0%,NC,0%,0%,NC
18GNMa00xp012PfF1290,0%,0%,NA,NA,NA,0%,0%,0%,0%,0%,0%,0%,0%,0%,0%,0%,0%,0%,0%,NC,NC,NC,NC,NC,100%,NC,NC,NC,NC
18GNMa00xp013PfF1290,0%,0%,100%,100%,100%,0%,0%,0%,0%,0%,0%,0%,0%,0%,NC,NC,NC,NC,NC,0%,0%,0%,0%,NC,NC,NC,NC,NC,NC
18GNMa00xp014PfF1290,0%,0%,100%,100%,100%,0%,0%,0%,0%,0%,0%,0%,0%,0%,0%,88%,0%,0%,0%,0%,0%,0%,0%,0%,0%,NC,0%,0%,NC
18GNMa00xp015PfF1290,0%,0%,100%,100%,100%,0%,0%,0%,0%,0%,0%,0%,0%,0%,NC,100%,NC,NC,NC,NC,NC,NC,NC,NC,0%,NC,NC,NC,NC
18GNMa00xp016PfF1290,0%,0%,100%,100%,100%,0%,0%,0%,0%,0%,0%,0%,0%,0%,0%,NC,0%,0%,0%,0%,0%,0%,100%,NC,NC,NC,NC,NC,NC
18GNMa00xp017PfF1290,0%,0%,100%,100%,100%,0%,0%,0%,0%,0%,0%,0%,0%,0%,NC,67%,0%,0%,0%,NC,NC,NC,NC,NC,NC,NC,NC,NC,NC
18GNMa00xp018PfF1290,0%,0%,100%,100%,100%,0%,0%,0%,0%,0%,0%,0%,0%,0%,NC,50%,NC,NC,0%,NA,NA,NA,NA,NA,NA,NA,NA,NA,NA
18GNMa00xp019PfF1290,0%,0%,100%,100%,100%,0%,0%,0%,0%,0%,0%,0%,0%,0%,NC,0%,0%,0%,0%,0%,0%,0%,0%,0%,0%,NC,0%,0%,NC
18GNMa00xp020PfF1290,0%,0%,83%,72%,77%,0%,0%,0%,0%,0%,0%,0%,0%,0%,NC,NC,NC,NC,0%,NC,NC,NC,NC,NC,NC,NC,NC,NC,NC
18GNMa00xp021PfF1290,0%,0%,100%,100%,100%,0%,0%,0%,0%,0%,0%,0%,0%,0%,NC,NC,0%,0%,0%,0%,0%,0%,0%,0%,NC,NC,0%,0%,NC
18GNMa00xp022PfF1290,0%,0%,100%,100%,100%,0%,0%,0%,0%,0%,0%,0%,0%,0%,NC,0%,0%,0%,0%,NC,NC,NC,NC,NC,NC,NC,0%,0%,NC
18GNMa00xp023PfF1290,0%,0%,96%,93%,96%,0%,0%,0%,0%,0%,0%,0%,0%,0%,NC,100%,NC,NC,0%,0%,0%,0%,0%,NC,NC,NC,0%,0%,NC
18GNMa00xp024PfF1290,0%,0%,100%,97%,100%,0%,0%,0%,0%,0%,0%,0%,0%,0%,NA,89%,0%,0%,0%,0%,0%,0%,0%,0%,0%,NC,0%,0%,NC
18GNMa00xp025PfF1290,0%,0%,100%,100%,100%,0%,0%,0%,0%,0%,0%,0%,0%,0%,NC,100%,0%,0%,0%,0%,0%,0%,0%,100%,0%,NC,NC,NC,NC
18GNMa00xp026PfF1290,0%,0%,100%,100%,100%,0%,0%,0%,0%,0%,0%,0%,0%,0%,0%,100%,0%,0%,0%,0%,0%,0%,0%,0%,0%,NC,0%,0%,NC
18GNMa00xp027PfF1290,0%,0%,100%,100%,100%,0%,0%,0%,0%,0%,0%,0%,0%,0%,0%,0%,0%,0%,0%,0%,0%,0%,0%,NC,NC,NC,NC,NC,NC
18GNMa00xp028PfF1290,0%,0%,100%,100%,100%,0%,0%,0%,0%,0%,0%,0%,0%,0%,0%,78%,0%,0%,0%,0%,0%,0%,0%,NC,NC,NC,NC,NC,NC
18GNMa00xp029PfF1290,0%,0%,100%,100%,100%,0%,0%,0%,0%,0%,0%,0%,0%,0%,NC,NC,NC,NC,NC,0%,0%,0%,0%,0%,0%,NC,NC,NC,NC
18GNMa00xp030PfF1290,0%,0%,100%,98%,100%,0%,0%,0%,0%,0%,0%,0%,0%,0%,0%,67%,0%,0%,0%,0%,0%,0%,0%,0%,0%,0%,0%,0%,0%
18GNMa00xp031PfF1290,0%,0%,100%,100%,100%,0%,0%,0%,0%,0%,0%,0%,0%,0%,0%,100%,0%,0%,0%,0%,0%,0%,0%,0%,0%,NC,0%,0%,NC
18GNMa00xp032PfF1290,0%,0%,100%,100%,100%,0%,0%,0%,0%,0%,0%,0%,0%,0%,0%,100%,0%,0%,0%,0%,0%,0%,0%,0%,0%,NC,0%,0%,NC
18GNMa00xp033PfF1290,0%,0%,100%,100%,100%,0%,0%,0%,0%,0%,0%,0%,0%,0%,0%,100%,0%,0%,0%,0%,0%,0%,0%,0%,0%,NC,0%,0%,NC
18GNMa00xp034PfF1290,0%,0%,100%,100%,100%,0%,0%,0%,0%,0%,0%,0%,0%,0%,NC,40%,0%,0%,0%,0%,0%,0%,0%,0%,0%,NC,0%,0%,NC
18GNMa00xp035PfF1290,0%,0%,100%,100%,100%,0%,0%,0%,0%,0%,0%,0%,0%,0%,0%,70%,0%,0%,0%,0%,0%,0%,0%,0%,0%,NC,0%,0%,NC
18GNMa00xp036PfF1290,0%,0%,100%,100%,100%,0%,0%,0%,0%,0%,0%,0%,0%,0%,0%,59%,0%,0%,0%,0%,8%,0%,0%,0%,0%,NC,0%,0%,NC
18GNMa00xp037PfF1290,0%,0%,100%,100%,100%,0%,0%,0%,0%,0%,0%,0%,0%,0%,0%,14%,0%,0%,0%,0%,0%,0%,0%,0%,0%,NC,0%,0%,NC
18GNMa00xp038PfF1290,0%,0%,100%,100%,100%,0%,0%,0%,0%,0%,0%,0%,0%,0%,NC,100%,0%,0%,0%,0%,0%,0%,0%,0%,0%,NC,0%,0%,NC
18GNMa00xp039PfF1290,0%,0%,94%,93%,97%,0%,0%,0%,0%,0%,0%,0%,0%,0%,NC,100%,0%,0%,0%,0%,0%,0%,0%,0%,0%,NC,0%,0%,NC
18GNMa00xp040PfF1290,0%,0%,100%,100%,100%,0%,0%,0%,0%,0%,0%,0%,0%,0%,0%,33%,0%,0%,0%,NA,NA,NA,NA,NA,NA,NA,NA,NA,NA
19GNDo00xp001PfF1290,0%,0%,100%,58%,100%,0%,0%,0%,0%,0%,0%,0%,0%,0%,NC,NC,0%,0%,NC,0%,0%,0%,50%,NC,NC,NC,NC,NC,NC
19GNDo00xp002PfF1290,0%,0%,NC,NC,NC,0%,0%,0%,0%,0%,0%,0%,0%,0%,0%,0%,NC,NC,0%,NA,NA,NA,NA,NA,NA,NA,NA,NA,NA
19GNDo00xp003PfF1290,0%,0%,NC,NC,NC,0%,0%,0%,0%,0%,0%,0%,0%,0%,NC,0%,NC,NC,NC,0%,0%,0%,0%,0%,NC,NC,NC,NC,NC
19GNDo00xp004PfF1290,0%,0%,100%,100%,100%,0%,0%,0%,0%,0%,0%,0%,0%,0%,NC,67%,NC,NC,NC,0%,0%,0%,0%,0%,0%,NC,0%,0%,NC
19GNDo00xp005PfF1290,0%,0%,100%,100%,100%,NA,NA,NA,NA,NA,NA,NA,NA,NA,NC,100%,0%,0%,0%,0%,0%,0%,0%,0%,0%,NC,0%,0%,NC
19GNDo00xp006PfF1290,0%,0%,NA,NA,NA,0%,0%,0%,0%,0%,0%,0%,0%,0%,NC,44%,0%,0%,38%,0%,0%,0%,0%,0%,0%,NC,0%,0%,NC
19GNDo00xp007PfF1290,0%,0%,93%,92%,90%,0%,0%,0%,0%,0%,0%,0%,0%,0%,0%,NC,0%,0%,0%,0%,0%,0%,0%,NC,NC,NC,NC,NC,NC
19GNDo00xp008PfF1290,0%,0%,90%,90%,87%,0%,0%,0%,0%,0%,0%,0%,0%,0%,0%,69%,0%,0%,0%,0%,0%,0%,0%,0%,0%,0%,0%,0%,NC
19GNDo00xp009PfF1290,0%,0%,100%,100%,100%,0%,0%,0%,0%,0%,0%,0%,0%,0%,NC,0%,NC,NC,NC,0%,0%,0%,100%,NC,NC,NC,NC,NC,NC
19GNDo00xp010PfF1290,0%,0%,100%,100%,100%,0%,0%,0%,0%,0%,0%,0%,0%,0%,NC,NC,0%,0%,NC,0%,0%,0%,0%,0%,0%,NC,0%,0%,NC
19GNDo00xp011PfF1290,0%,0%,100%,100%,100%,0%,0%,0%,0%,0%,0%,0%,0%,0%,NC,NC,0%,0%,NC,NA,NA,NA,NA,NA,NA,NA,NA,NA,NA
19GNDo00xp012PfF1290,0%,0%,100%,96%,100%,0%,0%,0%,0%,0%,0%,0%,0%,0%,NC,0%,0%,0%,NC,0%,0%,0%,0%,0%,20%,NC,0%,0%,NC
19GNDo00xp013PfF1290,0%,0%,100%,100%,100%,0%,0%,0%,0%,0%,0%,0%,0%,0%,0%,50%,0%,0%,0%,NA,NA,NA,NA,NA,NA,NA,NA,NA,NA
19GNDo00xp014PfF1290,0%,0%,72%,61%,66%,0%,0%,0%,0%,0%,0%,0%,0%,0%,0%,69%,0%,0%,0%,NA,NA,NA,NA,NA,NA,NA,NA,NA,NA
19GNDo00xp015PfF1290,0%,0%,97%,97%,98%,0%,0%,0%,0%,0%,0%,0%,0%,0%,NC,100%,NC,NC,0%,0%,0%,0%,0%,0%,NC,NC,0%,0%,NC
19GNDo00xp016PfF1290,0%,0%,75%,76%,71%,0%,0%,0%,0%,0%,0%,0%,0%,0%,0%,100%,0%,0%,0%,0%,0%,0%,0%,0%,0%,0%,0%,0%,NC
19GNDo00xp017PfF1290,0%,0%,100%,100%,100%,0%,0%,0%,0%,0%,0%,0%,0%,0%,0%,0%,0%,0%,29%,0%,0%,0%,0%,0%,0%,0%,0%,0%,NC
19GNDo00xp018PfF1290,0%,0%,84%,84%,89%,0%,0%,0%,0%,0%,0%,0%,0%,0%,NC,100%,0%,0%,0%,NA,NA,NA,NA,NA,NA,NA,NA,NA,NA
19GNDo00xp019PfF1290,0%,0%,100%,100%,100%,0%,0%,0%,0%,0%,0%,0%,0%,0%,22%,96%,0%,0%,22%,0%,0%,0%,0%,0%,0%,NC,0%,0%,NC
19GNDo00xp020PfF1290,0%,0%,100%,100%,100%,0%,0%,0%,0%,0%,0%,0%,0%,0%,0%,100%,0%,0%,0%,0%,0%,0%,0%,0%,50%,NC,0%,0%,NC
19GNDo00xp021PfF1290,0%,0%,NA,NA,NA,NA,NA,NA,NA,NA,NA,NA,NA,NA,0%,97%,0%,0%,0%,0%,0%,0%,0%,0%,0%,NC,0%,0%,0%
19GNDo00xp022PfF1290,0%,0%,100%,100%,100%,0%,0%,0%,0%,0%,0%,0%,0%,0%,0%,26%,0%,0%,0%,0%,0%,0%,0%,NC,NC,NC,0%,0%,NC
19GNDo00xp023PfF1290,0%,0%,91%,89%,86%,0%,0%,0%,0%,0%,0%,0%,0%,0%,0%,29%,0%,0%,0%,0%,0%,0%,0%,0%,0%,NC,0%,0%,NC
19GNDo00xp024PfF1290,0%,0%,100%,100%,100%,0%,0%,0%,0%,0%,0%,0%,0%,0%,0%,96%,0%,0%,0%,0%,0%,0%,0%,0%,0%,NC,0%,0%,NC
19GNDo00xp025PfF1290,0%,0%,100%,100%,100%,0%,0%,0%,0%,0%,0%,0%,0%,0%,0%,25%,0%,0%,0%,0%,0%,0%,0%,0%,24%,0%,0%,0%,0%
19GNDo00xp026PfF1290,0%,0%,100%,54%,100%,0%,0%,0%,0%,0%,0%,0%,0%,0%,18%,53%,0%,0%,23%,0%,0%,0%,0%,0%,0%,0%,0%,0%,NC
19GNDo00xp027PfF1290,0%,0%,100%,90%,100%,0%,0%,0%,0%,0%,0%,0%,0%,0%,32%,84%,0%,0%,18%,0%,0%,0%,0%,0%,0%,0%,0%,0%,0%
19GNDo00xp028PfF1290,0%,0%,93%,92%,90%,0%,0%,0%,0%,0%,0%,0%,0%,0%,19%,97%,0%,0%,0%,0%,0%,0%,0%,NC,NC,NC,0%,0%,NC
19GNDo00xp029PfF1290,0%,0%,100%,88%,100%,0%,0%,0%,0%,0%,0%,0%,0%,0%,20%,63%,0%,0%,0%,0%,0%,0%,0%,0%,0%,0%,0%,0%,0%
19GNDo00xp030PfF1290,0%,0%,100%,100%,100%,0%,0%,0%,0%,0%,0%,0%,0%,0%,40%,91%,0%,0%,0%,0%,0%,0%,0%,0%,0%,NC,0%,0%,NC
19GNDo00xp031PfF1290,0%,0%,100%,97%,100%,0%,0%,0%,0%,0%,0%,0%,0%,0%,33%,100%,0%,0%,0%,0%,0%,0%,94%,100%,89%,NC,0%,0%,NC
19GNDo00xp032PfF1290,0%,0%,100%,100%,100%,0%,0%,0%,0%,0%,0%,0%,0%,0%,0%,18%,0%,0%,0%,0%,0%,0%,0%,0%,0%,0%,0%,0%,0%
21USxxxxx13D7PfD1290,0%,0%,PTC,PTC,PTC,PC,PC,PC,PC,PC,PC,PC,PC,PC,PC,PC,PC,PC,PC,PC,PC,PC,PC,PC,PC,PC,PC,PC,NC
21USxxxxx1HB3PfD1290,NA,NA,PTC,PTC,100%,PC,PC,PC,PC,PC,PC,PC,PC,PC,PC,100%,PC,100%,PC,PC,PC,PC,PC,PC,PC,NC,PC,PC,NC
21USxxxxx01D6PfD1290,NA,NA,PTC,PTC,PTC,PC,PC,PC,PC,PC,PC,PC,PC,PC,PC,PC,PC,PC,PC,PC,PC,PC,PC,PC,PC,PC,PC,PC,PC
21USxxxxx1NTCPfD1290,NTC,NTC,NTC,NTC,NTC,NTC,NTC,NTC,NTC,NTC,NTC,NTC,NTC,NTC,NTC,NTC,NTC,NTC,NTC,NTC,NTC,NTC,NTC,NTC,NTC,NTC,NTC,NTC,NTC
19GNDo00xp033PfF1290,0%,0%,100%,100%,100%,0%,0%,0%,0%,0%,0%,0%,0%,0%,0%,33%,0%,0%,0%,0%,0%,0%,21%,40%,0%,0%,0%,0%,0%
19GNDo00xp034PfF1290,0%,0%,NC,NC,NC,0%,0%,0%,0%,0%,0%,0%,0%,0%,0%,29%,0%,0%,29%,0%,0%,0%,0%,0%,0%,0%,0%,0%,NC
19GNDo00xp035PfF1290,0%,0%,94%,94%,95%,0%,0%,0%,0%,0%,0%,0%,0%,0%,0%,39%,0%,0%,0%,0%,0%,0%,0%,0%,0%,0%,0%,0%,0%
19GNDo00xp036PfF1290,0%,0%,98%,97%,98%,0%,0%,0%,0%,0%,0%,0%,0%,0%,0%,100%,0%,0%,0%,0%,0%,0%,0%,0%,0%,0%,0%,0%,0%
19GNDo00xp037PfF1290,0%,0%,100%,100%,100%,0%,0%,0%,0%,0%,0%,0%,0%,0%,0%,50%,0%,0%,0%,0%,0%,0%,0%,0%,0%,0%,0%,0%,0%
19GNDo00xp038PfF1290,0%,0%,100%,100%,100%,0%,0%,0%,0%,0%,0%,0%,0%,0%,0%,NC,0%,0%,0%,0%,0%,0%,0%,0%,NC,NC,0%,0%,NC
19GNHa00xp001PfF1290,0%,0%,100%,100%,100%,0%,0%,0%,0%,0%,0%,0%,0%,0%,NA,NA,NA,NA,NA,NA,NA,NA,NA,NA,NA,NA,NA,NA,NA
19GNHa00xp002PfF1290,0%,0%,100%,100%,100%,0%,0%,0%,0%,0%,0%,0%,0%,0%,NA,NA,NA,NA,NA,NA,NA,NA,NA,NA,NA,NA,NA,NA,NA
19GNHa00xp003PfF1290,0%,0%,NC,NC,NC,0%,0%,0%,0%,0%,0%,0%,0%,0%,NA,NA,NA,NA,NA,NA,NA,NA,NA,NA,NA,NA,NA,NA,NA
19GNHa00xp004PfF1290,0%,0%,100%,100%,100%,0%,0%,0%,0%,0%,0%,0%,0%,0%,NC,0%,NC,NC,NC,0%,0%,0%,0%,0%,29%,NC,NC,NC,NC
19GNHa00xp005PfF1290,0%,0%,NA,NA,NA,0%,0%,0%,0%,0%,0%,0%,0%,0%,NC,100%,NC,NC,0%,NC,NC,NC,NC,NC,NC,NC,NC,NC,NC
19GNHa00xp006PfF1290,0%,0%,NA,NA,NA,0%,0%,0%,0%,0%,0%,0%,0%,0%,0%,100%,0%,0%,0%,NC,NC,NC,NC,0%,NC,NC,0%,0%,NC
19GNHa00xp007PfF1290,0%,0%,NA,NA,NA,0%,0%,0%,0%,0%,0%,0%,0%,0%,NC,NC,NC,NC,NC,0%,0%,0%,0%,NC,NC,NC,0%,0%,NC
19GNHa00xp008PfF1290,0%,0%,98%,98%,100%,0%,0%,0%,0%,0%,0%,0%,0%,0%,NC,NC,0%,NC,NC,NC,NC,NC,NC,0%,NC,NC,NC,NC,NC
19GNHa00xp009PfF1290,0%,0%,100%,45%,100%,0%,0%,0%,0%,0%,0%,0%,0%,0%,NC,NC,NC,NC,NC,0%,0%,0%,0%,0%,NC,NC,0%,0%,NC
19GNHa00xp010PfF1290,0%,0%,NA,NA,NA,0%,0%,0%,0%,0%,0%,0%,0%,0%,NC,NC,NC,NC,NC,0%,0%,0%,0%,NC,NC,NC,0%,0%,NC
19GNHa00xp011PfF1290,0%,0%,100%,43%,100%,0%,0%,0%,0%,0%,0%,0%,0%,0%,0%,NC,NC,NC,NC,0%,0%,0%,0%,0%,0%,NC,0%,0%,NC
19GNHa00xp012PfF1290,0%,0%,100%,100%,100%,0%,0%,0%,0%,0%,0%,0%,0%,0%,NC,100%,0%,0%,0%,NC,NC,NC,NC,NC,NC,NC,NC,NC,NC
19GNHa00xp013PfF1290,0%,0%,100%,100%,100%,0%,0%,0%,0%,0%,0%,0%,0%,0%,NC,NC,NC,NC,NC,0%,0%,0%,67%,NC,NC,NC,NC,NC,NC
19GNHa00xp014PfF1290,0%,0%,NC,NC,100%,0%,0%,0%,0%,0%,0%,0%,0%,0%,0%,100%,0%,0%,0%,0%,0%,0%,0%,0%,0%,NC,0%,0%,NC
19GNHa00xp015PfF1290,0%,0%,100%,100%,100%,0%,0%,0%,0%,0%,0%,0%,0%,0%,NC,NC,0%,0%,NC,0%,0%,0%,0%,0%,0%,NC,0%,0%,NC
19GNHa00xp016PfF1290,0%,0%,90%,88%,89%,0%,0%,0%,0%,0%,0%,0%,0%,0%,NC,100%,0%,0%,0%,0%,0%,0%,65%,54%,50%,NC,0%,46%,NC
19GNHa00xp017PfF1290,0%,0%,NA,NA,NA,0%,0%,0%,0%,0%,0%,0%,0%,0%,0%,0%,0,0,0%,0%,0%,0%,0%,0%,0%,0%,0%,0%,NC
19GNHa00xp018PfF1290,0%,0%,100%,100%,100%,0%,0%,0%,0%,0%,0%,0%,0%,0%,0%,33%,NC,NC,0%,0%,0%,0%,0%,0%,0%,0%,0%,0%,NC
19GNHa00xp019PfF1290,0%,0%,100%,100%,100%,0%,0%,0%,0%,0%,0%,0%,0%,0%,NC,100%,0%,0%,0%,0%,0%,0%,53%,NC,100%,NC,0%,50%,NC
19GNHa00xp020PfF1290,0%,0%,NA,NA,NA,0%,0%,0%,0%,0%,0%,0%,0%,0%,60%,36%,0%,0%,0%,0%,0%,0%,0%,0%,0%,NC,0%,0%,NC
19GNHa00xp021PfF1290,0%,0%,100%,96%,100%,0%,0%,0%,0%,0%,0%,0%,0%,0%,0%,67%,0%,0%,0%,0%,0%,0%,82%,0%,60%,NC,0%,NC,0%
19GNHa00xp022PfF1290,0%,0%,100%,100%,100%,0%,0%,0%,0%,0%,0%,0%,0%,0%,0%,0%,0%,0%,0%,0%,0%,0%,0%,0%,0%,NC,0%,0%,50%
19GNHa00xp023PfF1290,0%,0%,NC,NC,NC,0%,0%,0%,0%,0%,0%,0%,0%,0%,0%,89%,0%,0%,0%,0%,0%,0%,0%,0%,0%,NC,0%,0%,NC
19GNHa00xp024PfF1290,0%,0%,100%,100%,100%,0%,0%,0%,0%,0%,0%,0%,0%,0%,0%,100%,0%,0%,NC,0%,0%,0%,0%,NC,0%,NC,0%,0%,NC
19GNHa00xp025PfF1290,0%,0%,100%,100%,100%,0%,0%,0%,0%,0%,0%,0%,0%,0%,NC,NC,NC,NC,0%,0%,0%,0%,0%,0%,0%,0%,0%,0%,NC
19GNHa00xp026PfF1290,0%,0%,100%,94%,100%,0%,0%,0%,0%,0%,0%,0%,0%,0%,0%,0%,0%,0%,0%,0%,0%,0%,25%,25%,0%,NC,0%,0%,NC
19GNHa00xp027PfF1290,0%,0%,100%,100%,NC,0%,0%,0%,0%,0%,0%,0%,0%,0%,50%,58%,0%,0%,0%,0%,0%,0%,19%,0%,0%,NC,0%,0%,0%
19GNHa00xp028PfF1290,0%,0%,100%,100%,100%,0%,0%,0%,0%,0%,0%,0%,0%,0%,0%,71%,0%,0%,0%,0%,0%,0%,0%,0%,0%,0%,0%,0%,0%
19GNHa00xp029PfF1290,0%,0%,NA,NA,NA,0%,0%,0%,0%,0%,0%,0%,0%,0%,NC,0%,0%,0%,0%,0%,0%,0%,0%,0%,0%,NC,0%,0%,NC
19GNHa00xp030PfF1290,0%,0%,100%,100%,100%,0%,0%,0%,0%,0%,0%,0%,0%,0%,NC,100%,0%,0%,0%,0%,0%,0%,0%,0%,0%,0%,0%,0%,NC
19GNHa00xp031PfF1290,0%,0%,100%,100%,100%,0%,0%,0%,0%,0%,0%,0%,0%,0%,38%,38%,0%,0%,0%,0%,0%,0%,19%,17%,18%,0%,0%,19%,0%
19GNHa00xp032PfF1290,0%,0%,100%,100%,100%,0%,0%,0%,0%,0%,0%,0%,0%,0%,0%,29%,0%,0%,0%,0%,0%,0%,30%,58%,48%,NC,0%,9%,0%
19GNHa00xp033PfF1290,0%,0%,100%,100%,100%,0%,0%,0%,0%,0%,0%,0%,0%,0%,0%,50%,0%,0%,0%,0%,0%,0%,0%,10%,6%,0%,0%,0%,NC
19GNHa00xp034PfF1290,0%,0%,NA,NA,NA,0%,0%,0%,0%,0%,0%,0%,0%,0%,0%,80%,0%,0%,0%,0%,0%,0%,0%,0%,0%,0%,0%,0%,0%
19GNHa00xp035PfF1290,0%,0%,100%,100%,100%,0%,0%,0%,0%,0%,0%,0%,0%,0%,NA,NA,NA,NA,NA,0%,0%,0%,0%,6%,0%,0%,0%,5%,NC
19GNHa00xp036PfF1290,0%,0%,100%,100%,100%,0%,0%,0%,0%,0%,0%,0%,0%,0%,NC,33%,NC,NC,0%,0%,0%,0%,100%,NC,NC,NC,NC,NC,NC
18GNLa00xp001PfF1290,0%,0%,100%,100%,100%,0%,0%,0%,0%,0%,0%,0%,0%,0%,NC,100%,NC,NC,NC,NA,NA,NA,NA,NA,NA,NA,NA,NA,NA
18GNLa00xp002PfF1290,0%,0%,100%,100%,100%,0%,0%,0%,0%,0%,0%,0%,0%,0%,NA,100%,NA,NA,NA,0%,0%,0%,0%,0%,0%,0%,0%,0%,0%
18GNLa00xp003PfF1290,0%,0%,100%,100%,100%,0%,0%,0%,0%,0%,0%,0%,0%,0%,NC,100%,NC,NC,NA,0%,0%,0%,0%,0%,50%,NC,0%,50%,NC
18GNLa00xp004PfF1290,0%,0%,99%,99%,97%,0%,0%,0%,0%,0%,0%,0%,0%,0%,NA,NA,NA,NA,NA,0%,0%,0%,0%,0%,NC,NC,0%,0%,NC
18GNLa00xp005PfF1290,0%,0%,100%,100%,100%,0%,0%,0%,0%,0%,0%,0%,0%,0%,NA,NA,NA,NA,NA,NC,NC,NC,NC,100%,NC,NC,NC,NC,NC
18GNLa00xp006PfF1290,0%,0%,99%,99%,99%,0%,0%,0%,0%,0%,0%,0%,0%,0%,100%,29%,0%,0%,60%,0%,0%,0%,100%,100%,0%,NC,0%,0%,NC
18GNLa00xp007PfF1290,0%,0%,32%,10%,34%,0%,0%,0%,0%,0%,0%,0%,0%,0%,NA,NA,NA,NA,NA,0%,0%,0%,0%,0%,0%,NC,0%,0%,NC
18GNLa00xp008PfF1290,0%,0%,100%,100%,100%,0%,0%,0%,0%,0%,0%,0%,0%,0%,NA,NA,NA,NA,NA,NA,NA,NA,NA,NA,NA,NA,NA,NA,NA
18GNLa00xp009PfF1290,0%,0%,100%,100%,100%,0%,0%,0%,0%,0%,0%,0%,0%,0%,NC,100%,NC,NC,NC,0%,0%,0%,0%,0%,NC,NC,0%,0%,NC
18GNLa00xp010PfF1290,0%,0%,100%,100%,100%,0%,0%,0%,0%,0%,0%,0%,0%,0%,NC,100%,0%,0%,0%,0%,0%,0%,50%,NC,0%,NC,NC,NC,NC
18GNLa00xp011PfF1290,0%,0%,97%,97%,100%,0%,0%,0%,0%,0%,0%,0%,0%,0%,NC,100%,0%,0%,NC,NC,NC,NC,NC,NC,NC,NC,0%,100%,NC
18GNLa00xp012PfF1290,0%,0%,100%,100%,100%,0%,0%,0%,0%,0%,0%,0%,0%,0%,NC,0%,NC,NC,0%,0%,0%,0%,33%,100%,NC,NC,NC,NC,NC
18GNLa00xp013PfF1290,0%,0%,NA,NA,NA,0%,0%,0%,0%,0%,0%,0%,0%,0%,NC,100%,NC,NC,NC,0%,0%,0%,0%,0%,0%,NC,0%,0%,NC
18GNLa00xp014PfF1290,0%,0%,100%,100%,100%,0%,0%,0%,0%,0%,0%,0%,0%,0%,NC,NC,0%,0%,NC,0%,0%,0%,0%,0%,0%,NC,0%,0%,NC
18GNLa00xp015PfF1290,0%,0%,100%,100%,100%,0%,0%,0%,0%,0%,0%,0%,0%,0%,NC,NC,NC,NC,NC,0%,0%,0%,0%,0%,0%,NC,0%,0%,NC
18GNLa00xp016PfF1290,0%,0%,79%,78%,80%,0%,0%,0%,0%,0%,0%,0%,0%,0%,NA,NA,NA,NA,NA,0%,0%,0%,0%,NC,NC,NC,NC,NC,NC
18GNLa00xp017PfF1290,0%,0%,100%,100%,100%,0%,0%,0%,0%,0%,0%,0%,0%,0%,0%,100%,NC,NC,NC,0%,0%,0%,100%,NC,NC,NC,0%,0%,NC
18GNLa00xp018PfF1290,0%,0%,100%,100%,100%,0%,0%,0%,0%,0%,0%,0%,0%,0%,NC,100%,0%,0%,0%,0%,0%,0%,24%,25%,0%,NC,0%,0%,NC
18GNLa00xp019PfF1290,0%,0%,100%,65%,100%,0%,0%,0%,0%,0%,0%,0%,0%,0%,NC,NC,NC,NC,NC,0%,0%,0%,50%,100%,NC,NC,0%,0%,NC
18GNLa00xp020PfF1290,0%,0%,100%,100%,100%,0%,0%,0%,0%,0%,0%,0%,0%,0%,NC,NC,0%,0%,NC,0%,0%,0%,0%,NC,NC,NC,NC,NC,NC
18GNLa00xp021PfF1290,0%,0%,100%,98%,100%,0%,0%,0%,0%,0%,0%,0%,0%,0%,NC,100%,NC,NC,NC,NA,0%,0%,0%,0%,0%,NC,0%,0%,NC
18GNLa00xp022PfF1290,0%,0%,100%,100%,100%,0%,0%,0%,0%,0%,0%,0%,0%,0%,NC,0%,0%,0%,0%,0%,0%,0%,0%,0%,NC,NC,NC,NC,NC
18GNLa00xp023PfF1290,0%,0%,100%,78%,100%,0%,0%,0%,0%,0%,0%,0%,0%,0%,NC,75%,0%,0%,0%,0%,0%,0%,13%,0%,0%,NC,0%,0%,0%
18GNLa00xp024PfF1290,0%,0%,100%,100%,100%,0%,0%,0%,0%,0%,0%,0%,0%,0%,100%,83%,0%,0%,0%,0%,0%,0%,0%,0%,0%,0%,0%,0%,NC
18GNLa00xp025PfF1290,0%,0%,100%,100%,100%,0%,0%,0%,0%,0%,0%,0%,0%,0%,NC,100%,0%,0%,0%,NA,NA,NA,NA,NA,NA,NA,NA,NA,NA
18GNLa00xp026PfF1290,0%,0%,88%,87%,86%,0%,0%,0%,0%,0%,0%,0%,0%,0%,0%,100%,0%,0%,0%,0%,0%,0%,50%,100%,NC,NC,0%,100%,NC
21USxxxxx23D7PfD1290,0%,0%,PTC,PTC,PTC,PC,PC,PC,PC,PC,PC,PC,PC,PC,PC,PC,PC,PC,PC,PC,PC,PC,PC,PC,PC,PC,PC,PC,PC
21USxxxxx2HB3PfD1290,0%,0%,PTC,PTC,100%,PC,PC,PC,PC,PC,PC,PC,PC,PC,PC,100%,PC,100%,PC,PC,PC,PC,PC,PC,PC,PC,PC,PC,PC
21USxxxxx02D6PfD1290,0%,0%,PTC,PTC,PTC,PC,PC,PC,PC,PC,PC,PC,PC,PC,PC,PC,PC,PC,PC,PC,PC,PC,PC,PC,PC,PC,PC,PC,PC
21USxxxxx2NTCPfD1290,NTC,NTC,NTC,NTC,NTC,NTC,NTC,NTC,NTC,NTC,NTC,NTC,NTC,NTC,NTC,NTC,NTC,NTC,NTC,NTC,NTC,NTC,NTC,NTC,NTC,NTC,NTC,NTC,NTC
