,SITE,Sequence Name,G_Annotation,SNP,Mutation,WildType,VAF
0,Benguela,DHFR,A16V,A16,0.0,217.0,0.0%
1,Benguela,DHFR,C59R,59R,209.0,15.0,66.49%
2,Benguela,DHFR,I164L,I164,0.0,221.0,0.0%
3,Benguela,DHFR,N51I,51I,224.0,0.0,93.84%
4,Benguela,DHFR,S108N,108N,223.0,0.0,99.96%
5,Benguela,DHPS_437Corrected ,A437G,437G,218.0,0.0,99.96%
6,Benguela,DHPS_437Corrected ,A581G,A581,0.0,218.0,0.0%
7,Benguela,DHPS_437Corrected ,A613S,A613,0.0,220.0,0.0%
8,Benguela,DHPS_437Corrected ,K540E,540E,130.0,88.0,13.16%
9,Benguela,DHPS_437Corrected ,S436A,436A,109.0,109.0,9.67%
10,Benguela,K13,A481V,A481,0.0,220.0,0.0%
11,Benguela,K13,A578S,A578,0.0,218.0,0.0%
12,Benguela,K13,A675V,A675,0.0,210.0,0.0%
13,Benguela,K13,C469F,C469,0.0,222.0,0.0%
14,Benguela,K13,C469Y,C469,0.0,222.0,0.0%
15,Benguela,K13,C580Y,C580,0.0,218.0,0.0%
16,Benguela,K13,D584V,D584,0.0,218.0,0.0%
17,Benguela,K13,F446I,F446,0.0,222.0,0.0%
18,Benguela,K13,G449A,G449,0.0,222.0,0.0%
19,Benguela,K13,G538V,G538,0.0,218.0,0.0%
20,Benguela,K13,I543T,I543,0.0,218.0,0.0%
21,Benguela,K13,M476I,M476,0.0,220.0,0.0%
22,Benguela,K13,N458Y,N458,0.0,222.0,0.0%
23,Benguela,K13,N537I,N537,0.0,218.0,0.0%
24,Benguela,K13,P441L,P441,0.0,220.0,0.0%
25,Benguela,K13,P527H,P527,0.0,217.0,0.0%
26,Benguela,K13,P553L,P553,0.0,218.0,0.0%
27,Benguela,K13,P574L,P574,0.0,218.0,0.0%
28,Benguela,K13,R515K,R515,0.0,218.0,0.0%
29,Benguela,K13,R539T,R539,0.0,218.0,0.0%
30,Benguela,K13,R561H,R561,0.0,218.0,0.0%
31,Benguela,K13,R622I,R622,0.0,218.0,0.0%
32,Benguela,K13,V568G,V568,0.0,218.0,0.0%
33,Benguela,K13,Y493H,Y493,0.0,220.0,0.0%
34,Benguela,PfCRT,A220S,220S,100.0,88.0,6.41%
35,Benguela,PfCRT,C350R,C350,0.0,202.0,0.0%
36,Benguela,PfCRT,C72S,C72,0.0,208.0,0.0%
37,Benguela,PfCRT,F145I,F145,0.0,201.0,0.0%
38,Benguela,PfCRT,G353V,G353,0.0,204.0,0.0%
39,Benguela,PfCRT,H97Y,H97,0.0,214.0,0.0%
40,Benguela,PfCRT,I218F,I218,0.0,188.0,0.0%
41,Benguela,PfCRT,I356T,I356,0.0,205.0,0.0%
42,Benguela,PfCRT,K76T,76T,90.0,119.0,7.14%
43,Benguela,PfCRT,M343L,M343,0.0,202.0,0.0%
44,Benguela,PfCRT,M74I,74I,81.0,128.0,6.59%
45,Benguela,PfCRT,N326S,N326,0.0,171.0,0.0%
46,Benguela,PfCRT,N75E,75E,81.0,128.0,6.58%
47,Benguela,PfCRT,Q271E,271E,80.0,112.0,6.62%
48,Benguela,PfCRT,R371I,371I,75.0,101.0,6.91%
49,Benguela,PfCRT,T93S,T93,0.0,214.0,0.0%
50,Benguela,PfCRT,V73V,V73,0.0,208.0,0.0%
51,Benguela,PfMDR1 ,D1246Y,D1246,0.0,152.0,0.0%
52,Benguela,PfMDR1 ,N1042D,N1042,0.0,143.0,0.0%
53,Benguela,PfMDR1 ,N86Y,86Y,10.0,169.0,0.59%
54,Benguela,PfMDR1 ,S1034C,S1034,0.0,144.0,0.0%
55,Benguela,PfMDR1 ,Y184F,184F,100.0,75.0,23.74%
56,Benguela,mitochondrial genome - CYTB CDS,I258M,I258,0.0,1.0,0.0%
57,Lunda Sul,DHFR,A16V,A16,0.0,217.0,0.0%
58,Lunda Sul,DHFR,C59R,59R,196.0,21.0,59.72%
59,Lunda Sul,DHFR,I164L,I164,0.0,214.0,0.0%
60,Lunda Sul,DHFR,N51I,51I,210.0,7.0,88.19%
61,Lunda Sul,DHFR,S108N,108N,215.0,0.0,99.56%
62,Lunda Sul,DHPS_437Corrected ,A437G,437G,208.0,7.0,89.11%
63,Lunda Sul,DHPS_437Corrected ,A581G,A581,0.0,214.0,0.0%
64,Lunda Sul,DHPS_437Corrected ,A613S,A613,0.0,215.0,0.0%
65,Lunda Sul,DHPS_437Corrected ,K540E,540E,148.0,63.0,11.69%
66,Lunda Sul,DHPS_437Corrected ,S436A,436A,44.0,171.0,4.55%
67,Lunda Sul,K13,A481V,A481,0.0,216.0,0.0%
68,Lunda Sul,K13,A578S,A578,0.0,218.0,0.0%
69,Lunda Sul,K13,A675V,A675,0.0,216.0,0.0%
70,Lunda Sul,K13,C469F,C469,0.0,216.0,0.0%
71,Lunda Sul,K13,C469Y,C469,0.0,216.0,0.0%
72,Lunda Sul,K13,C580Y,C580,0.0,218.0,0.0%
73,Lunda Sul,K13,D584V,D584,0.0,218.0,0.0%
74,Lunda Sul,K13,F446I,F446,0.0,216.0,0.0%
75,Lunda Sul,K13,G449A,G449,0.0,216.0,0.0%
76,Lunda Sul,K13,G538V,G538,0.0,217.0,0.0%
77,Lunda Sul,K13,I543T,I543,0.0,218.0,0.0%
78,Lunda Sul,K13,M476I,M476,0.0,216.0,0.0%
79,Lunda Sul,K13,N458Y,N458,0.0,216.0,0.0%
80,Lunda Sul,K13,N537I,N537,0.0,217.0,0.0%
81,Lunda Sul,K13,P441L,P441,0.0,216.0,0.0%
82,Lunda Sul,K13,P527H,P527,0.0,215.0,0.0%
83,Lunda Sul,K13,P553L,P553,0.0,218.0,0.0%
84,Lunda Sul,K13,P574L,P574,0.0,218.0,0.0%
85,Lunda Sul,K13,R515K,R515,0.0,215.0,0.0%
86,Lunda Sul,K13,R539T,R539,0.0,217.0,0.0%
87,Lunda Sul,K13,R561H,R561,0.0,218.0,0.0%
88,Lunda Sul,K13,R622I,R622,0.0,214.0,0.0%
89,Lunda Sul,K13,V568G,V568,0.0,218.0,0.0%
90,Lunda Sul,K13,Y493H,Y493,0.0,215.0,0.0%
91,Lunda Sul,PfCRT,A220S,220S,28.0,164.0,3.31%
92,Lunda Sul,PfCRT,C350R,C350,0.0,209.0,0.0%
93,Lunda Sul,PfCRT,C72S,C72,0.0,203.0,0.0%
94,Lunda Sul,PfCRT,F145I,F145,0.0,208.0,0.0%
95,Lunda Sul,PfCRT,G353V,G353,0.0,209.0,0.0%
96,Lunda Sul,PfCRT,H97Y,H97,0.0,206.0,0.0%
97,Lunda Sul,PfCRT,I218F,I218,0.0,192.0,0.0%
98,Lunda Sul,PfCRT,I356T,I356,0.0,208.0,0.0%
99,Lunda Sul,PfCRT,K76T,76T,18.0,186.0,2.06%
100,Lunda Sul,PfCRT,M343L,M343,0.0,208.0,0.0%
101,Lunda Sul,PfCRT,M74I,74I,18.0,185.0,2.02%
102,Lunda Sul,PfCRT,N326S,N326,0.0,172.0,0.0%
103,Lunda Sul,PfCRT,N75E,75E,18.0,185.0,2.0%
104,Lunda Sul,PfCRT,Q271E,271E,18.0,181.0,1.61%
105,Lunda Sul,PfCRT,R371I,371I,11.0,174.0,0.72%
106,Lunda Sul,PfCRT,T93S,T93,0.0,205.0,0.0%
107,Lunda Sul,PfCRT,V73V,V73,0.0,203.0,0.0%
108,Lunda Sul,PfMDR1 ,D1246Y,D1246,0.0,163.0,0.0%
109,Lunda Sul,PfMDR1 ,N1042D,N1042,0.0,138.0,0.0%
110,Lunda Sul,PfMDR1 ,N86Y,86Y,23.0,130.0,3.59%
111,Lunda Sul,PfMDR1 ,S1034C,S1034,0.0,138.0,0.0%
112,Lunda Sul,PfMDR1 ,Y184F,184F,83.0,62.0,27.39%
113,Lunda Sul,mitochondrial genome - CYTB CDS,I258M,I258,0.0,52.0,0.0%
114,Lunda Sul,mitochondrial genome - CYTB CDS,Y268N,Y268,0.0,52.0,0.0%
115,Zaire,DHFR,A16V,16V,1.0,282.0,0.03%
116,Zaire,DHFR,C59R,59R,281.0,4.0,90.44%
117,Zaire,DHFR,I164L,I164,0.0,282.0,0.0%
118,Zaire,DHFR,N51I,51I,284.0,0.0,99.96%
119,Zaire,DHFR,S108N,108N,284.0,0.0,99.89%
120,Zaire,DHPS_437Corrected ,A437G,437G,275.0,2.0,99.08%
121,Zaire,DHPS_437Corrected ,A581G,581G,50.0,233.0,4.52%
122,Zaire,DHPS_437Corrected ,A613S,613S,34.0,249.0,2.76%
123,Zaire,DHPS_437Corrected ,K540E,540E,104.0,174.0,11.81%
124,Zaire,DHPS_437Corrected ,S436A,436A,153.0,124.0,17.96%
125,Zaire,K13,A481V,A481,0.0,285.0,0.0%
126,Zaire,K13,A578S,A578,0.0,285.0,0.0%
127,Zaire,K13,A675V,A675,0.0,280.0,0.0%
128,Zaire,K13,C469F,C469,0.0,285.0,0.0%
129,Zaire,K13,C469Y,C469,0.0,285.0,0.0%
130,Zaire,K13,C580Y,C580,0.0,285.0,0.0%
131,Zaire,K13,D584V,D584,0.0,285.0,0.0%
132,Zaire,K13,F446I,F446,0.0,285.0,0.0%
133,Zaire,K13,G449A,G449,0.0,285.0,0.0%
134,Zaire,K13,G538V,G538,0.0,285.0,0.0%
135,Zaire,K13,I543T,I543,0.0,285.0,0.0%
136,Zaire,K13,M476I,M476,0.0,285.0,0.0%
137,Zaire,K13,N458Y,N458,0.0,285.0,0.0%
138,Zaire,K13,N537I,N537,0.0,285.0,0.0%
139,Zaire,K13,P441L,P441,0.0,285.0,0.0%
140,Zaire,K13,P527H,P527,0.0,285.0,0.0%
141,Zaire,K13,P553L,P553,0.0,283.0,0.0%
142,Zaire,K13,P574L,P574,0.0,284.0,0.0%
143,Zaire,K13,R515K,515K,1.0,283.0,0.02%
144,Zaire,K13,R539T,R539,0.0,285.0,0.0%
145,Zaire,K13,R561H,R561,0.0,284.0,0.0%
146,Zaire,K13,R622I,R622,0.0,281.0,0.0%
147,Zaire,K13,V568G,V568,0.0,284.0,0.0%
148,Zaire,K13,Y493H,Y493,0.0,284.0,0.0%
149,Zaire,PfCRT,A220S,220S,181.0,49.0,28.82%
150,Zaire,PfCRT,C350R,C350,0.0,256.0,0.0%
151,Zaire,PfCRT,C72S,C72,0.0,260.0,0.0%
152,Zaire,PfCRT,F145I,F145,0.0,267.0,0.0%
153,Zaire,PfCRT,G353V,G353,0.0,257.0,0.0%
154,Zaire,PfCRT,H97Y,H97,0.0,265.0,0.0%
155,Zaire,PfCRT,I218F,I218,0.0,231.0,0.0%
156,Zaire,PfCRT,I356T,356T,125.0,132.0,15.93%
157,Zaire,PfCRT,K76T,76T,187.0,79.0,30.87%
158,Zaire,PfCRT,M343L,M343,0.0,255.0,0.0%
159,Zaire,PfCRT,M74I,74I,186.0,77.0,29.87%
160,Zaire,PfCRT,N326S,N326,0.0,185.0,0.0%
161,Zaire,PfCRT,N75E,75E,186.0,80.0,29.51%
162,Zaire,PfCRT,Q271E,271E,184.0,54.0,29.96%
163,Zaire,PfCRT,R371I,371I,156.0,47.0,24.3%
164,Zaire,PfCRT,T93S,T93,0.0,264.0,0.0%
165,Zaire,PfCRT,V73V,V73,0.0,261.0,0.0%
166,Zaire,PfMDR1 ,D1246Y,1246Y,5.0,212.0,1.71%
167,Zaire,PfMDR1 ,N1042D,N1042,0.0,220.0,0.0%
168,Zaire,PfMDR1 ,N86Y,86Y,49.0,161.0,7.72%
169,Zaire,PfMDR1 ,S1034C,S1034,0.0,221.0,0.0%
170,Zaire,PfMDR1 ,Y184F,184F,134.0,100.0,28.83%
171,Zaire,mitochondrial genome - CYTB CDS,I258M,I258,0.0,54.0,0.0%
172,Zaire,mitochondrial genome - CYTB CDS,Y268N,Y268,0.0,54.0,0.0%
