Site,SNP,Gene,Number of Samples,SNP,Weight of Variants,Number of Mutants, Number of wildtypes
Dorota,S108N,DHFR,216,S108N,99.54%,215,1
Hamdalaye,S108N,DHFR,179,S108N,100.0%,179,0
Maferinyah,S108N,DHFR,218,S108N,100.0%,218,0
Lay-Sarè,S108N,DHFR,166,S108N,100.0%,166,0
Dorota,C59R,DHFR,216,C59R,99.54%,215,1
Dorota,K76T,PfCRT,176,K76T,18.18%,32,144
Dorota,I356T,PfCRT,156,I356T,7.69%,12,144
Hamdalaye,C59R,DHFR,177,C59R,100.0%,177,0
Hamdalaye,K76T,PfCRT,155,K76T,32.9%,51,104
Hamdalaye,I356T,PfCRT,133,I356T,27.82%,37,96
Maferinyah,C59R,DHFR,217,C59R,100.0%,217,0
Lay-Sarè,C59R,DHFR,166,C59R,99.4%,165,1
Lay-Sarè,I356T,PfCRT,94,I356T,15.96%,15,79
Lay-Sarè,K76T,PfCRT,112,K76T,32.14%,36,76
Maferinyah,C350R,PfCRT,110,C350R,4.55%,5,105
Maferinyah,K76T,PfCRT,150,K76T,10.67%,16,134
Dorota,M343L,PfCRT,156,M343L,3.21%,5,151
Dorota,S436A,DHPS,211,S436A,95.73%,202,9
Dorota,A437G,DHPS,211,A437G,100.0%,211,0
Dorota,K540E,DHPS,209,K540E,33.01%,69,140
Hamdalaye,A437G,DHPS,212,A437G,89.62%,190,22
Hamdalaye,S436A,DHPS,212,S436A,95.28%,202,10
Hamdalaye,Q271E,PfCRT,124,Q271E,33.06%,41,83
Maferinyah,A437G,DHPS,214,A437G,99.07%,212,2
Lay-Sarè,S436A,DHPS,168,S436A,78.57%,132,36
Lay-Sarè,A437G,DHPS,168,A437G,94.05%,158,10
Lay-Sarè,Q271E,PfCRT,66,Q271E,15.15%,10,56
Lay-Sarè,K540E,DHPS,148,K540E,10.81%,16,132
Lay-Sarè,A581G,DHPS,164,A581G,1.22%,2,162
Maferinyah,S436A,DHPS,214,S436A,77.57%,166,48
Maferinyah,A581G,DHPS,209,A581G,3.35%,7,202
Maferinyah,Q271E,PfCRT,119,Q271E,5.04%,6,113
Maferinyah,K540E,DHPS,199,K540E,23.12%,46,153
Dorota,A581G,DHPS,211,A581G,11.85%,25,186
Dorota,Q271E,PfCRT,137,Q271E,22.63%,31,106
Hamdalaye,K540E,DHPS,193,K540E,23.32%,45,148
Hamdalaye,A581G,DHPS,206,A581G,2.91%,6,200
Dorota,N75E,PfCRT,176,N75E,18.18%,32,144
Hamdalaye,N75E,PfCRT,155,N75E,32.9%,51,104
Lay-Sarè,N75E,PfCRT,112,N75E,32.14%,36,76
Maferinyah,N75E,PfCRT,150,N75E,10.67%,16,134
Dorota,N51I,DHFR,216,N51I,99.54%,215,1
Dorota,Y184F,PfMDR1,175,Y184F,89.71%,157,18
Dorota,M74I,PfCRT,176,M74I,18.18%,32,144
Dorota,A613S,DHPS,215,A613S,48.37%,104,111
Dorota,A220S,PfCRT,152,A220S,10.53%,16,136
Hamdalaye,N51I,DHFR,173,N51I,100.0%,173,0
Hamdalaye,Y184F,PfMDR1,135,Y184F,80.0%,108,27
Hamdalaye,A613S,DHPS,207,A613S,22.71%,47,160
Hamdalaye,M74I,PfCRT,154,M74I,33.12%,51,103
Maferinyah,N51I,DHFR,218,N51I,100.0%,218,0
Lay-Sarè,Y184F,PfMDR1,99,Y184F,86.87%,86,13
Lay-Sarè,N51I,DHFR,166,N51I,100.0%,166,0
Lay-Sarè,A613S,DHPS,165,A613S,39.39%,65,100
Lay-Sarè,M74I,PfCRT,112,M74I,36.61%,41,71
Lay-Sarè,A220S,PfCRT,101,A220S,31.68%,32,69
Lay-Sarè,N86Y,PfMDR1,60,N86Y,16.67%,10,50
Lay-Sarè,D1246Y,PfMDR1,64,D1246Y,7.81%,5,59
Lay-Sarè,A578S,K13,173,A578S,0.58%,1,172
Maferinyah,Y184F,PfMDR1,171,Y184F,84.21%,144,27
Maferinyah,A613S,DHPS,214,A613S,29.91%,64,150
Maferinyah,A578S,K13,235,A578S,4.26%,10,225
Maferinyah,M74I,PfCRT,150,M74I,14.0%,21,129
Maferinyah,A220S,PfCRT,106,A220S,9.43%,10,96
Maferinyah,N86Y,PfMDR1,110,N86Y,4.55%,5,105
Maferinyah,D1246Y,PfMDR1,162,D1246Y,6.17%,10,152
Dorota,N86Y,PfMDR1,144,N86Y,38.19%,55,89
Dorota,D1246Y,PfMDR1,169,D1246Y,24.26%,41,128
Dorota,R371I,PfCRT,69,R371I,7.25%,5,64
Hamdalaye,A220S,PfCRT,133,A220S,30.08%,40,93
Hamdalaye,A578S,K13,219,A578S,2.28%,5,214
Hamdalaye,N86Y,PfMDR1,108,N86Y,19.44%,21,87
Hamdalaye,R371I,PfCRT,54,R371I,7.41%,4,50
Lay-Sarè,I543T,K13,173,I543,0.0%,0,173
Maferinyah,N1042D,PfMDR1,165,N1042,0.0%,0,165
Hamdalaye,N1042D,PfMDR1,135,N1042,0.0%,0,135
Hamdalaye,D1246Y,PfMDR1,132,D1246,0.0%,0,132
Dorota,G449A,K13,210,G449,0.0%,0,210
Hamdalaye,A675V,K13,217,A675,0.0%,0,217
Hamdalaye,R561H,K13,219,R561,0.0%,0,219
Hamdalaye,V568G,K13,219,V568,0.0%,0,219
Hamdalaye,C72S,PfCRT,154,C72,0.0%,0,154
Hamdalaye,V73V,PfCRT,154,V73,0.0%,0,154
Hamdalaye,I164L,DHFR,168,I164,0.0%,0,168
Hamdalaye,P441L,K13,221,P441,0.0%,0,221
Hamdalaye,Y493H,K13,217,Y493,0.0%,0,217
Hamdalaye,I218F,PfCRT,140,I218,0.0%,0,140
Maferinyah,R622I,K13,235,R622,0.0%,0,235
Lay-Sarè,S1034C,PfMDR1,86,S1034,0.0%,0,86
Lay-Sarè,N1042D,PfMDR1,86,N1042,0.0%,0,86
Lay-Sarè,R371I,PfCRT,15,R371,0.0%,0,15
Lay-Sarè,C350R,PfCRT,99,C350,0.0%,0,99
Lay-Sarè,G353V,PfCRT,99,G353,0.0%,0,99
Lay-Sarè,N326S,PfCRT,15,N326,0.0%,0,15
Lay-Sarè,M343L,PfCRT,99,M343,0.0%,0,99
Lay-Sarè,H97Y,PfCRT,118,H97,0.0%,0,118
Lay-Sarè,P527H,K13,173,P527,0.0%,0,173
Lay-Sarè,N537I,K13,173,N537,0.0%,0,173
Lay-Sarè,G538V,K13,173,G538,0.0%,0,173
Lay-Sarè,R539T,K13,173,R539,0.0%,0,173
Lay-Sarè,P553L,K13,173,P553,0.0%,0,173
Lay-Sarè,G449A,K13,165,G449,0.0%,0,165
Lay-Sarè,N458Y,K13,165,N458,0.0%,0,165
Lay-Sarè,C469F,K13,165,C469,0.0%,0,165
Lay-Sarè,C469Y,K13,165,C469,0.0%,0,165
Lay-Sarè,M476I,K13,165,M476,0.0%,0,165
Lay-Sarè,P574L,K13,173,P574,0.0%,0,173
Lay-Sarè,C580Y,K13,173,C580,0.0%,0,173
Lay-Sarè,R622I,K13,173,R622,0.0%,0,173
Lay-Sarè,C72S,PfCRT,112,C72,0.0%,0,112
Lay-Sarè,V73V,PfCRT,112,V73,0.0%,0,112
Maferinyah,C72S,PfCRT,150,C72,0.0%,0,150
Maferinyah,V73V,PfCRT,150,V73,0.0%,0,150
Maferinyah,T93S,PfCRT,156,T93,0.0%,0,156
Maferinyah,H97Y,PfCRT,156,H97,0.0%,0,156
Maferinyah,F145I,PfCRT,149,F145,0.0%,0,149
Maferinyah,I164L,DHFR,216,I164,0.0%,0,216
Maferinyah,S1034C,PfMDR1,165,S1034,0.0%,0,165
Maferinyah,R371I,PfCRT,25,R371,0.0%,0,25
Maferinyah,N326S,PfCRT,18,N326,0.0%,0,18
Dorota,I164L,DHFR,216,I164,0.0%,0,216
Dorota,S1034C,PfMDR1,178,S1034,0.0%,0,178
Dorota,N1042D,PfMDR1,178,N1042,0.0%,0,178
Dorota,N326S,PfCRT,87,N326,0.0%,0,87
Dorota,R561H,K13,209,R561,0.0%,0,209
Hamdalaye,S1034C,PfMDR1,135,S1034,0.0%,0,135
Hamdalaye,N326S,PfCRT,50,N326,0.0%,0,50
Hamdalaye,G353V,PfCRT,138,G353,0.0%,0,138
Hamdalaye,C469F,K13,221,C469,0.0%,0,221
Hamdalaye,C469Y,K13,221,C469,0.0%,0,221
Hamdalaye,F446I,K13,221,F446,0.0%,0,221
Lay-Sarè,A481V,K13,165,A481,0.0%,0,165
Maferinyah,M343L,PfCRT,115,M343,0.0%,0,115
Maferinyah,R515K,K13,235,R515,0.0%,0,235
Dorota,N537I,K13,210,N537,0.0%,0,210
Dorota,G538V,K13,210,G538,0.0%,0,210
Dorota,R539T,K13,210,R539,0.0%,0,210
Hamdalaye,P553L,K13,218,P553,0.0%,0,218
Hamdalaye,I258M,CYTB,193,I258,0.0%,0,193
Hamdalaye,R515K,K13,220,R515,0.0%,0,220
Lay-Sarè,F145I,PfCRT,125,F145,0.0%,0,125
Lay-Sarè,T93S,PfCRT,118,T93,0.0%,0,118
Lay-Sarè,P441L,K13,165,P441,0.0%,0,165
Lay-Sarè,V568G,K13,173,V568,0.0%,0,173
Lay-Sarè,A16V,DHFR,166,A16,0.0%,0,166
Maferinyah,A675V,K13,235,A675,0.0%,0,235
Maferinyah,A16V,DHFR,218,A16,0.0%,0,218
Maferinyah,I218F,PfCRT,106,I218,0.0%,0,106
Maferinyah,G353V,PfCRT,110,G353,0.0%,0,110
Maferinyah,I356T,PfCRT,110,I356,0.0%,0,110
Maferinyah,A481V,K13,235,A481,0.0%,0,235
Maferinyah,F446I,K13,235,F446,0.0%,0,235
Maferinyah,G449A,K13,235,G449,0.0%,0,235
Maferinyah,C580Y,K13,235,C580,0.0%,0,235
Maferinyah,D584V,K13,235,D584,0.0%,0,235
Maferinyah,C469F,K13,235,C469,0.0%,0,235
Maferinyah,C469Y,K13,235,C469,0.0%,0,235
Dorota,F446I,K13,209,F446,0.0%,0,209
Dorota,F145I,PfCRT,175,F145,0.0%,0,175
Dorota,C350R,PfCRT,156,C350,0.0%,0,156
Dorota,G353V,PfCRT,156,G353,0.0%,0,156
Dorota,I218F,PfCRT,152,I218,0.0%,0,152
Dorota,P441L,K13,209,P441,0.0%,0,209
Hamdalaye,A16V,DHFR,168,A16,0.0%,0,168
Dorota,A16V,DHFR,211,A16,0.0%,0,211
Lay-Sarè,F446I,K13,165,F446,0.0%,0,165
Dorota,N458Y,K13,210,N458,0.0%,0,210
Hamdalaye,P527H,K13,219,P527,0.0%,0,219
Lay-Sarè,Y268N,CYTB,150,Y268,0.0%,0,150
Maferinyah,N458Y,K13,235,N458,0.0%,0,235
Dorota,Y493H,K13,210,Y493,0.0%,0,210
Maferinyah,P527H,K13,235,P527,0.0%,0,235
Hamdalaye,C580Y,K13,219,C580,0.0%,0,219
Dorota,C72S,PfCRT,176,C72,0.0%,0,176
Maferinyah,P553L,K13,235,P553,0.0%,0,235
Lay-Sarè,I258M,CYTB,150,I258,0.0%,0,150
Maferinyah,P574L,K13,235,P574,0.0%,0,235
Dorota,C469F,K13,210,C469,0.0%,0,210
Dorota,C469Y,K13,210,C469,0.0%,0,210
Dorota,Y268N,CYTB,192,Y268,0.0%,0,192
Dorota,A578S,K13,210,A578,0.0%,0,210
Dorota,A675V,K13,210,A675,0.0%,0,210
Maferinyah,R561H,K13,235,R561,0.0%,0,235
Hamdalaye,C350R,PfCRT,138,C350,0.0%,0,138
Dorota,T93S,PfCRT,176,T93,0.0%,0,176
Maferinyah,N537I,K13,235,N537,0.0%,0,235
Dorota,A481V,K13,210,A481,0.0%,0,210
Hamdalaye,A481V,K13,218,A481,0.0%,0,218
Lay-Sarè,R561H,K13,173,R561,0.0%,0,173
Dorota,P527H,K13,210,P527,0.0%,0,210
Dorota,P553L,K13,209,P553,0.0%,0,209
Hamdalaye,G449A,K13,221,G449,0.0%,0,221
Maferinyah,G538V,K13,235,G538,0.0%,0,235
Dorota,I543T,K13,210,I543,0.0%,0,210
Hamdalaye,R622I,K13,215,R622,0.0%,0,215
Lay-Sarè,I218F,PfCRT,101,I218,0.0%,0,101
Hamdalaye,I543T,K13,218,I543,0.0%,0,218
Hamdalaye,T93S,PfCRT,155,T93,0.0%,0,155
Hamdalaye,N537I,K13,219,N537,0.0%,0,219
Maferinyah,V568G,K13,235,V568,0.0%,0,235
Maferinyah,R539T,K13,235,R539,0.0%,0,235
Hamdalaye,Y268N,CYTB,193,Y268,0.0%,0,193
Maferinyah,I543T,K13,235,I543,0.0%,0,235
Maferinyah,Y493H,K13,235,Y493,0.0%,0,235
Dorota,V568G,K13,209,V568,0.0%,0,209
Maferinyah,M476I,K13,235,M476,0.0%,0,235
Hamdalaye,R539T,K13,219,R539,0.0%,0,219
Dorota,D584V,K13,210,D584,0.0%,0,210
Hamdalaye,G538V,K13,219,G538,0.0%,0,219
Dorota,R515K,K13,210,R515,0.0%,0,210
Dorota,P574L,K13,210,P574,0.0%,0,210
Hamdalaye,H97Y,PfCRT,160,H97,0.0%,0,160
Hamdalaye,M343L,PfCRT,138,M343,0.0%,0,138
Dorota,V73V,PfCRT,176,V73,0.0%,0,176
Hamdalaye,D584V,K13,219,D584,0.0%,0,219
Hamdalaye,P574L,K13,219,P574,0.0%,0,219
Lay-Sarè,R515K,K13,173,R515,0.0%,0,173
Dorota,H97Y,PfCRT,176,H97,0.0%,0,176
Hamdalaye,M476I,K13,218,M476,0.0%,0,218
Maferinyah,I258M,CYTB,213,I258,0.0%,0,213
Hamdalaye,N458Y,K13,221,N458,0.0%,0,221
Maferinyah,Y268N,CYTB,213,Y268,0.0%,0,213
Maferinyah,P441L,K13,235,P441,0.0%,0,235
Lay-Sarè,D584V,K13,173,D584,0.0%,0,173
Dorota,M476I,K13,210,M476,0.0%,0,210
Dorota,I258M,CYTB,192,I258,0.0%,0,192
Lay-Sarè,I164L,DHFR,165,I164,0.0%,0,165
Hamdalaye,F145I,PfCRT,154,F145,0.0%,0,154
Dorota,R622I,K13,210,R622,0.0%,0,210
Dorota,C580Y,K13,210,C580,0.0%,0,210
Lay-Sarè,Y493H,K13,165,Y493,0.0%,0,165
Lay-Sarè,A675V,K13,172,A675,0.0%,0,172
